COUNTRY,NAME_1,total_forest_ha,total_disturbed_ha,percent_disturbed
Austria,Burgenland,111962.25,3516.35,3.14
Austria,Kärnten,122989.53,1396.78,1.14
Austria,Niederösterreich,399711.2,19691.64,4.93
Austria,Oberösterreich,65291.71,2768.02,4.24
Austria,Salzburg,79966.25,2903.26,3.63
Austria,Steiermark,40202.31,585.82,1.46
Austria,Tirol,83697.79,788.17,0.94
Austria,Vorarlberg,6605.87,118.22,1.79
Austria,Wien,3.51,0,0
Belgium,Bruxelles,3421.15,91.13,2.66
Belgium,Vlaanderen,131447.76,5896.88,4.49
Belgium,Wallonie,140751.41,13690.04,9.73
Bulgaria,Blagoevgrad,565028.4,7759.29,1.37
Bulgaria,Burgas,589152.19,7353.92,1.25
Bulgaria,Dobrich,224330.62,2816.5,1.26
Bulgaria,Gabrovo,173745.35,2578.64,1.48
Bulgaria,Grad Sofiya,24227.69,300.97,1.24
Bulgaria,Haskovo,509836.14,7086.76,1.39
Bulgaria,Kardzhali,55687.65,747.49,1.34
Bulgaria,Kyustendil,78353.86,1528.69,1.95
Bulgaria,Lovech,77776.53,1719.9,2.21
Bulgaria,Montana,310727.03,3554.78,1.14
Bulgaria,Pazardzhik,153288.17,2257.39,1.47
Bulgaria,Pernik,23304.42,362.22,1.55
Bulgaria,Pleven,67173.94,937.65,1.4
Bulgaria,Plovdiv,27645.33,404.03,1.46
Bulgaria,Razgrad,132898.07,3037.61,2.29
Bulgaria,Ruse,20595.75,1335.77,6.49
Bulgaria,Shumen,94660.8,1313.93,1.39
Bulgaria,Silistra,10930.41,248.27,2.27
Bulgaria,Sliven,64528.45,784.29,1.22
Bulgaria,Smolyan,38493.55,589.26,1.53
Bulgaria,Sofia,62679.04,548.86,0.88
Bulgaria,Stara Zagora,9340.32,168.46,1.8
Bulgaria,Targovishte,3845.45,119.81,3.12
Bulgaria,Varna,26334.72,379.37,1.44
Bulgaria,Veliko Tarnovo,5137.73,41.97,0.82
Bulgaria,Vidin,10500.21,213.12,2.03
Bulgaria,Vratsa,4395.76,180.59,4.11
Bulgaria,Yambol,24115.05,678.76,2.81
Croatia,Bjelovarska-Bilogorska,86084.22,4175.06,4.85
Croatia,Brodsko-Posavska,129781.01,5142.94,3.96
Croatia,Dubrovacko-Neretvanska,181370.27,1625.96,0.9
Croatia,Grad Zagreb,55846.92,1302.22,2.33
Croatia,Istarska,119902.38,833.78,0.7
Croatia,Karlovacka,347328.17,6460.74,1.86
Croatia,Koprivničko-Križevačka,29395.53,555.76,1.89
Croatia,Krapinsko-Zagorska,3496.55,46.78,1.34
Croatia,Licko-Senjska,431151.61,3168.56,0.73
Croatia,Medimurska,9473.04,120.63,1.27
Croatia,Osjecko-Baranjska,151143.01,10986.72,7.27
Croatia,Požeško-Slavonska,933.98,12.07,1.29
Croatia,Primorsko-Goranska,225706.6,2681.27,1.19
Croatia,Sisacko-Moslavacka,37380.7,1718.59,4.6
Croatia,Splitsko-Dalmatinska,46084.79,398.27,0.86
Croatia,Varaždinska,1363.67,4.87,0.36
Croatia,Viroviticko-Podravska,230.04,0,0
Croatia,Vukovarsko-Srijemska,57966.88,5715.75,9.86
Croatia,Zadarska,41855.23,457.07,1.09
Croatia,Zagrebačka,1390.63,40.21,2.89
Croatia,Šibensko-Kninska,331860.81,1093.14,0.33
Cyprus,Famagusta,2438.82,0.36,0.01
Cyprus,Larnaca,23489.22,127.81,0.54
Cyprus,Limassol,97791.26,334.53,0.34
Cyprus,Nicosia,5480.3,15.11,0.28
Cyprus,Paphos,41816.23,110.02,0.26
Czechia,Jihomoravský,94327,7764.89,8.23
Czechia,Jihočeský,286649.66,33463.88,11.67
Czechia,Karlovarský,93579.27,4136.47,4.42
Czechia,Kraj Vysočina,3270.99,269.8,8.25
Czechia,Královéhradecký,80214.66,5863.78,7.31
Czechia,Liberecký,31605.04,2708.82,8.57
Czechia,Moravskoslezský,197426.98,26716.73,13.53
Czechia,Olomoucký,48299.05,4271.6,8.84
Czechia,Pardubický,4801.73,208.73,4.35
Czechia,Plzeňský,30894.41,2320.69,7.51
Czechia,Prague,762.23,16.46,2.16
Czechia,Středočeský,13550.29,598.01,4.41
Czechia,Zlínský,30392.65,3660.77,12.04
Czechia,Ústecký,61560.13,10147.19,16.48
Denmark,Hovedstaden,84186.5,2794.7,3.32
Denmark,Midtjylland,624518.34,4138.61,0.66
Denmark,Nordjylland,484130.38,5599.89,1.16
Denmark,Sjælland,376771.43,1010.48,0.27
Denmark,Syddanmark,473917.76,2376.4,0.5
Estonia,Harju,212775.8,3467.28,1.63
Estonia,Hiiu,418068.39,1962.62,0.47
Estonia,Ida-Viru,87794.34,1794.77,2.04
Estonia,Järva,15411.92,458.22,2.97
Estonia,Jõgeva,34218.68,298.36,0.87
Estonia,Lääne,36852.12,198.54,0.54
Estonia,Lääne-Viru,10184.83,270.89,2.66
Estonia,Peipsi,41196.57,157.41,0.38
Estonia,Pärnu,234363.73,2363.42,1.01
Estonia,Põlva,26296.16,1500.83,5.71
Estonia,Rapla,12511.03,368.82,2.95
Estonia,Saare,239796.82,2003.35,0.84
Estonia,Tartu,56845.16,243.58,0.43
Estonia,Valga,22680.89,770.7,3.4
Estonia,Viljandi,4055.69,60.19,1.48
Estonia,Võru,20454.62,1706.1,8.34
Finland,Eastern Finland,377779.99,9827.19,2.6
Finland,Lapland,3107878.96,3410.35,0.11
Finland,Oulu,360828.43,5104.17,1.41
Finland,Southern Finland,476423.78,2420.21,0.51
Finland,Western Finland,527997.51,7361.26,1.39
France,Auvergne-Rhône-Alpes,1246559.7,18669.06,1.5
France,Bourgogne-Franche-Comté,570940.31,16497.04,2.89
France,Bretagne,902718.93,1527.99,0.17
France,Centre-Val de Loire,506488.58,26153.21,5.16
France,Corse,718485.22,1780.15,0.25
France,Grand Est,453797.79,18178.61,4.01
France,Hauts-de-France,317082.8,3987.89,1.26
France,Normandie,387155.69,1045.35,0.27
France,Nouvelle-Aquitaine,1838458.71,25056,1.36
France,Occitanie,1279781.04,22198.44,1.73
France,Pays de la Loire,478611.33,1576.06,0.33
France,Provence-Alpes-Côte d'Azur,729168.1,10898.24,1.49
France,Île-de-France,62428.45,2093.03,3.35
Germany,Baden-Württemberg,635467.61,19169.22,3.02
Germany,Bayern,771605.11,33920.41,4.4
Germany,Berlin,9289.93,62.21,0.67
Germany,Brandenburg,924813.42,20583.45,2.23
Germany,Bremen,396052.44,43.88,0.01
Germany,Hamburg,28072.04,73.76,0.26
Germany,Hessen,385443.85,43235.38,11.22
Germany,Mecklenburg-Vorpommern,925277.72,6909.55,0.75
Germany,Niedersachsen,430873.45,31704.01,7.36
Germany,Nordrhein-Westfalen,227067.12,25745.03,11.34
Germany,Rheinland-Pfalz,254819.51,12481.32,4.9
Germany,Saarland,16900.47,427.2,2.53
Germany,Sachsen,237195.77,14405.59,6.07
Germany,Sachsen-Anhalt,162922.77,9437.56,5.79
Germany,Schleswig-Holstein,1161364.41,882.9,0.08
Germany,Thüringen,169320.22,16712.96,9.87
Greece,Aegean,645712.77,2409.35,0.37
Greece,Athos,42162.62,1320.22,3.13
Greece,Attica,213526.18,374.5,0.18
Greece,Crete,353523.79,866.13,0.24
Greece,Epirus and Western Macedonia,711176.17,6920.16,0.97
Greece,Macedonia and Thrace,935845.75,7261.25,0.78
Greece,"Peloponnese, Western Greece and",729263.73,3446.13,0.47
Greece,Thessaly and Central Greece,722244.82,4191.39,0.58
Hungary,Baranya,74998.36,7474.42,9.97
Hungary,Borsod-Abaúj-Zemplén,471399.06,11777.59,2.5
Hungary,Budapest,6454.71,275.59,4.27
Hungary,Bács-Kiskun,248879.1,12180.76,4.89
Hungary,Békés,161424.81,1118.69,0.69
Hungary,Csongrád,47060.5,1930.19,4.1
Hungary,Fejér,85026.73,4650.91,5.47
Hungary,Gyor-Moson-Sopron,84785.75,4749.81,5.6
Hungary,Hajdú-Bihar,27236.43,2461.81,9.04
Hungary,Heves,70332.74,1492.58,2.12
Hungary,Jász-Nagykun-Szolnok,27113.09,100.3,0.37
Hungary,Komárom-Esztergom,88428.51,3493.2,3.95
Hungary,Nógrád,14040.01,792.97,5.65
Hungary,Pest,22890.19,745.18,3.26
Hungary,Somogy,139355.29,11655.49,8.36
Hungary,Szabolcs-Szatmár-Bereg,57278.94,1528.43,2.67
Hungary,Tolna,8149.55,563.78,6.92
Hungary,Vas,74802.53,5458.41,7.3
Hungary,Veszprém,39161.16,1973.57,5.04
Hungary,Zala,30718.5,2784.94,9.07
Ireland,Carlow,18231.26,240.88,1.32
Ireland,Cavan,18037.68,306.29,1.7
Ireland,Clare,166166.39,6297.53,3.79
Ireland,Donegal,134318.76,342.85,0.26
Ireland,Dublin,76901.38,2417.6,3.14
Ireland,Galway,222215.39,371.74,0.17
Ireland,Kerry,199468.82,6130.92,3.07
Ireland,Kildare,2231.31,17.82,0.8
Ireland,Kilkenny,5397.06,17.65,0.33
Ireland,Laois,17674.36,3436.42,19.44
Ireland,Leitrim,13376.53,38.43,0.29
Ireland,Limerick,19006.53,2127.91,11.2
Ireland,Longford,23346.37,75.49,0.32
Ireland,Louth,18719.43,39.87,0.21
Ireland,Mayo,161132.45,341.93,0.21
Ireland,Meath,741.74,37.77,5.09
Ireland,Monaghan,2344.9,257.02,10.96
Ireland,Offaly,3035.01,23.66,0.78
Ireland,Roscommon,8020.66,37.52,0.47
Ireland,Sligo,12235.65,31.51,0.26
Ireland,Tipperary,2134.33,86.7,4.06
Ireland,Waterford,9380.18,206.18,2.2
Ireland,Westmeath,6777.5,88.87,1.31
Ireland,Wexford,41218.61,12.42,0.03
Ireland,Wicklow,2349.81,33.13,1.41
Italy,Abruzzo,408541.32,2394.13,0.59
Italy,Apulia,456180.37,2164.95,0.47
Italy,Basilicata,220570.54,3424.52,1.55
Italy,Calabria,144644.61,2922.82,2.02
Italy,Campania,293291.64,6544.94,2.23
Italy,Emilia-Romagna,251793.07,3655.72,1.45
Italy,Friuli-Venezia Giulia,188928.63,5111.3,2.71
Italy,Lazio,281901.83,8810.69,3.13
Italy,Liguria,111148.89,1440.23,1.3
Italy,Lombardia,401269.59,4414.76,1.1
Italy,Marche,147197.93,1519.45,1.03
Italy,Molise,49551.13,1649.48,3.33
Italy,Piemonte,285479.53,1306.19,0.46
Italy,Sardegna,634503.31,3117.99,0.49
Italy,Sicily,820099.83,3251.82,0.4
Italy,Toscana,559943.08,11039.92,1.97
Italy,Trentino-Alto Adige,263076.23,7819.69,2.97
Italy,Umbria,53650.65,3240.28,6.04
Italy,Valle d'Aosta,17196.9,11.86,0.07
Italy,Veneto,179917.88,1764.24,0.98
Latvia,Kurzeme,378137.97,2905.43,0.77
Latvia,Latgale,175173.94,10689.63,6.1
Latvia,Riga,157601.64,8305.33,5.27
Latvia,Vidzeme,100379.09,9608.68,9.57
Latvia,Zemgale,24458.18,455.07,1.86
Lithuania,Alytaus,184465.32,19777.26,10.72
Lithuania,Kauno,83028.4,10963.82,13.2
Lithuania,Klaipedos,249440.69,16524.87,6.62
Lithuania,Marijampoles,9398.77,278.74,2.97
Lithuania,Panevezio,106235.06,17046.28,16.05
Lithuania,Taurages,21699.94,1404.25,6.47
Lithuania,Telšiai,12801.64,1205.21,9.41
Lithuania,Utenos,184807.1,17258.33,9.34
Lithuania,Vilniaus,36265.9,2800.93,7.72
Lithuania,Šiauliai,68635.47,7322.72,10.67
Luxembourg,Diekirch,32098.76,2878.68,8.97
Luxembourg,Grevenmacher,14853.56,285.17,1.92
Luxembourg,Luxembourg,9282.53,124.98,1.35
Malta,Għawdex,28484.76,3.21,0.01
Malta,Nofsinhar,18495.73,4.85,0.03
Malta,Tramuntana,390.29,0.96,0.25
Malta,Xlokk,14.81,0,0
Malta,Ċentrali,7162.2,2.38,0.03
Netherlands,Drenthe,22949.23,1703.14,7.42
Netherlands,Flevoland,156492.06,26.29,0.02
Netherlands,Fryslân,406767.53,89.46,0.02
Netherlands,Gelderland,168867.35,11287.23,6.68
Netherlands,Groningen,13.79,0,0
Netherlands,IJsselmeer,2927.2,1.21,0.04
Netherlands,Limburg,19420.12,1151.01,5.93
Netherlands,Noord-Brabant,38103.06,2230.6,5.85
Netherlands,Noord-Holland,39102.06,412.85,1.06
Netherlands,Overijssel,20424.78,1304.01,6.38
Netherlands,Utrecht,2953.29,4.69,0.16
Netherlands,Zeeland,150899.42,90.79,0.06
Poland,Dolnośląskie,505787.89,45429.39,8.98
Poland,Kujawsko-Pomorskie,399134.98,44581.76,11.17
Poland,Lubelskie,460272.7,22905.32,4.98
Poland,Lubuskie,577762.87,63868.54,11.05
Poland,Mazowieckie,469787.84,41932.69,8.93
Poland,Małopolskie,213345.32,6947.5,3.26
Poland,Opolskie,17138.1,1212.93,7.08
Poland,Podkarpackie,356723.8,15966.14,4.48
Poland,Podlaskie,696389.68,55873.84,8.02
Poland,Pomorskie,587940.14,32227.15,5.48
Poland,Warmińsko-Mazurskie,280357.48,19037.57,6.79
Poland,Wielkopolskie,164466.88,16569.73,10.07
Poland,Zachodniopomorskie,787957.45,22592.02,2.87
Poland,Łódzkie,143394.24,4217.13,2.94
Poland,Śląskie,94259.14,13891.1,14.74
Poland,Świętokrzyskie,92245.63,3440.31,3.73
Portugal,Aveiro,458280.38,8082.46,1.76
Portugal,Azores,26656.14,0,0
Portugal,Beja,542126.99,27254.09,5.03
Portugal,Braga,96522.33,5037.91,5.22
Portugal,Bragança,235903.27,11596.52,4.92
Portugal,Castelo Branco,216715.58,18549.25,8.56
Portugal,Coimbra,237442.69,3241.19,1.37
Portugal,Faro,30407.48,262.2,0.86
Portugal,Guarda,16069.42,54.37,0.34
Portugal,Leiria,90174.91,1875.01,2.08
Portugal,Lisboa,161967.67,2326.56,1.44
Portugal,Madeira,148081.95,128.71,0.09
Portugal,Portalegre,33572.82,283.2,0.84
Portugal,Porto,38999.43,2620.3,6.72
Portugal,Santarém,312.85,3.59,1.15
Portugal,Setúbal,59501.92,8369.09,14.07
Portugal,Viana do Castelo,9354.72,476.78,5.1
Portugal,Viseu,16.77,0,0
Portugal,Évora,104702.49,6190.65,5.91
Romania,Alba,426847.04,32025.57,7.5
Romania,Arad,260934.1,8389.02,3.21
Romania,Argeș,180287.05,9206.52,5.11
Romania,Bacău,207516.01,8070.27,3.89
Romania,Bihor,147981.28,4467.87,3.02
Romania,Bistrița-Năsăud,367199.13,30477.86,8.3
Romania,Botoșani,42284.6,1949.21,4.61
Romania,Brașov,378985.35,7319.8,1.93
Romania,Brăila,170568.38,4166.41,2.44
Romania,Buzău,45665.33,812.61,1.78
Romania,Caraș-Severin,486550.43,6928.14,1.42
Romania,Cluj,32246.71,464.55,1.44
Romania,Constanța,1101634.21,4073.25,0.37
Romania,Covasna,28643.19,915.89,3.2
Romania,Călărași,101279.81,4617.06,4.56
Romania,Dolj,124835.48,3672.99,2.94
Romania,Dâmbovița,11399,187.16,1.64
Romania,Galați,48381.78,572.97,1.18
Romania,Giurgiu,20407.66,352.83,1.73
Romania,Gorj,112228.2,3052.77,2.72
Romania,Harghita,222368.79,11307.05,5.08
Romania,Hunedoara,78535.7,1682.2,2.14
Romania,Ialomița,39317.89,1165.51,2.96
Romania,Iași,85938.27,1625.2,1.89
Romania,Maramureș,69114.07,3257.04,4.71
Romania,Mehedinți,45051.04,913.55,2.03
Romania,Mureș,11053.47,315.57,2.85
Romania,Neamț,65758.24,3069.98,4.67
Romania,Olt,77898.09,1385.88,1.78
Romania,Prahova,2136.93,31.43,1.47
Romania,Satu Mare,21214.09,167.17,0.79
Romania,Sibiu,16778.46,302.02,1.8
Romania,Suceava,75052.07,8106.66,10.8
Romania,Sălaj,6866.16,132.47,1.93
Romania,Teleorman,3807.22,145.32,3.82
Romania,Timiș,41780.14,477.86,1.14
Romania,Tulcea,85909.42,566.75,0.66
Romania,Vaslui,23114.23,148.89,0.64
Romania,Vrancea,10505.05,675.34,6.43
Romania,Vâlcea,28185.86,334.42,1.19
Slovakia,Banskobystrický,346295.48,33522.92,9.68
Slovakia,Bratislavský,109548.59,5682.12,5.19
Slovakia,Košický,242669.86,13299.83,5.48
Slovakia,Nitriansky,60016.05,1013.22,1.69
Slovakia,Prešovský,258907.58,23963.76,9.26
Slovakia,Trenčiansky,139894.19,6928.38,4.95
Slovakia,Trnavský,18693.33,552.4,2.96
Slovakia,Žilinský,80499.69,7920.17,9.84
Slovenia,Gorenjska,145678.24,6056.61,4.16
Slovenia,Goriška,130405.86,4719.18,3.62
Slovenia,Jugovzhodna Slovenija,139222.22,6812.5,4.89
Slovenia,Koroška,32551.04,1196.09,3.67
Slovenia,Notranjsko-kraška,95481.59,4709.53,4.93
Slovenia,Obalno-kraška,4051.72,23.94,0.59
Slovenia,Osrednjeslovenska,26988.78,362.73,1.34
Slovenia,Podravska,28974.15,448.18,1.55
Slovenia,Pomurska,48657.16,179.61,0.37
Slovenia,Savinjska,12824.88,180.52,1.41
Slovenia,Spodnjeposavska,5947.72,67.4,1.13
Slovenia,Zasavska,24.08,0.27,1.12
Spain,Andalucía,1988452.74,51831.6,2.61
Spain,Aragón,1902000.34,19503.08,1.03
Spain,Cantabria,329137.57,7457.06,2.27
Spain,Castilla y León,2137831.3,66911.56,3.13
Spain,Castilla-La Mancha,1269612.93,27478.87,2.16
Spain,Cataluña,1182019.44,9550.93,0.81
Spain,Ceuta y Melilla,1155.03,12.79,1.11
Spain,Comunidad Foral de Navarra,127333.07,2752.92,2.16
Spain,Comunidad Valenciana,505411.9,4260.86,0.84
Spain,Comunidad de Madrid,13555.17,182.95,1.35
Spain,Extremadura,561157.11,17948.86,3.2
Spain,Galicia,572604.68,12871.56,2.25
Spain,Islas Baleares,583841.93,1398.37,0.24
Spain,Islas Canarias,1396611.46,419.25,0.03
Spain,La Rioja,5758.16,160.31,2.78
Spain,País Vasco,39363.55,1855.37,4.71
Spain,Principado de Asturias,49413.83,1260.82,2.55
Spain,Región de Murcia,294627.14,472.39,0.16
Sweden,Blekinge,23282.16,389.05,1.67
Sweden,Dalarna,262769.86,1006.45,0.38
Sweden,Gotland,72221.38,481.16,0.67
Sweden,Gävleborg,38575.75,875.17,2.27
Sweden,Halland,31773.48,1844.8,5.81
Sweden,Jämtland,655269.16,1278.37,0.2
Sweden,Jönköping,179679.38,1005.79,0.56
Sweden,Kalmar,75966.46,1044.07,1.37
Sweden,Kronoberg,15200.2,856.57,5.64
Sweden,Norrbotten,3671684.45,3417.55,0.09
Sweden,Orebro,23045.93,369.39,1.6
Sweden,Skåne,110436.11,910.26,0.82
Sweden,Stockholm,41020.81,667.34,1.63
Sweden,Södermanland,38533.69,960.86,2.49
Sweden,Uppsala,32298.99,1010.77,3.13
Sweden,Värmland,65188.38,2640.16,4.05
Sweden,Västerbotten,369908,9950.04,2.69
Sweden,Västernorrland,26255.6,766,2.92
Sweden,Västmanland,15496.84,488.04,3.15
Sweden,Västra Götaland,164975.25,1983.68,1.2
Sweden,Östergötland,44590.87,758.51,1.7
