COUNTRY,NAME_1,SITECODE,disturbed_ha_inside,percent_disturbed_site
Austria,Burgenland,AT1108813,1199.43087038239,6.985612520269295
Austria,Burgenland,AT1114813,631.672550092822,5.948150143164129
Austria,Burgenland,AT1110137,566.591639914271,1.312697093250695
Austria,Kärnten,AT2101000,256.471932028628,1.2791768981299108
Austria,Kärnten,AT2129000,256.471932028628,1.2791768981299108
Austria,Kärnten,AT2120000,121.54716728318,11.897550591350806
Austria,Niederösterreich,AT1201000,2421.19787925871,6.134655785215687
Austria,Niederösterreich,AT1211000,2109.76770774724,3.7222297892321987
Austria,Niederösterreich,AT1203000,1696.25426920325,6.730560782577247
Austria,Oberösterreich,AT3111000,622.423119320473,4.92512528029919
Austria,Oberösterreich,AT3122000,577.980734947692,15.13665418119193
Austria,Oberösterreich,AT3120000,428.812416916384,13.309792727799518
Austria,Salzburg,AT3210001,208.370731950826,0.6431145187259274
Austria,Salzburg,AT3209022,37.2507184337435,4.6801390425208815
Austria,Salzburg,AT3223000,28.0850773792423,5.3362342919708174
Austria,Steiermark,AT2209000,2673.55466144839,4.573135616524701
Austria,Steiermark,AT2229000,980.208628727504,3.76081809822146
Austria,Steiermark,AT2204000,264.232486499631,5.0052248785536175
Austria,Tirol,AT3304000,687.282239126024,1.5358528848795157
Austria,Tirol,AT3301000,72.0665455155914,0.23693020626225472
Austria,Tirol,AT3309000,63.9565512504968,2.347327580914995
Austria,Vorarlberg,AT3408000,39.6018685691657,12.515104928485227
Austria,Vorarlberg,AT3411000,28.339964911812,3.3934535754026474
Austria,Vorarlberg,AT3438000,24.1059958950011,1.7454788794483638
Austria,Wien,AT1302000,13.5433324066177,0.8913496100390088
Austria,Wien,AT1301000,5.94967599794269,0.42084863019140745
Austria,Wien,AT1303000,2.89925411939621,0.6643198075173657
Belgium,Bruxelles,BE1000001,49.3853672404121,3.238255795768967
Belgium,Bruxelles,BE1000002,0.319180150330067,0.3773250872532203
Belgium,Bruxelles,BE1000003,0.09,0.1383671944759195
Belgium,Vlaanderen,BE2218311,470.591263065153,8.019516524063022
Belgium,Vlaanderen,BE2200029,454.669192118036,8.423008384119441
Belgium,Vlaanderen,BE2200035,433.204079126568,13.596237179938372
Belgium,Wallonie,BE34052C0,801.284047695352,16.372912305725006
Belgium,Wallonie,BE34029C0,497.715000548855,10.500064660938369
Belgium,Wallonie,BE34046C0,414.698702392948,10.788976761653002
Bulgaria,Blagoevgrad,BG0000366,416.073037283936,1.3032643383329836
Bulgaria,Blagoevgrad,BG0002126,191.182921421514,0.9567037456870496
Bulgaria,Blagoevgrad,BG0002003,188.111077404332,1.1155739181009037
Bulgaria,Burgas,BG0002043,1308.16018883347,3.0309727572745184
Bulgaria,Burgas,BG0001004,703.383483541507,6.048386487699473
Bulgaria,Burgas,BG0000219,659.824232307386,1.9818922095117695
Bulgaria,Dobrich,BG0000107,628.566770573147,1.2715619064148114
Bulgaria,Dobrich,BG0002048,242.763701760974,1.1419812252082167
Bulgaria,Dobrich,BG0000130,66.0841423366698,1.6609388773585563
Bulgaria,Gabrovo,BG0000399,147.623388856674,1.33949996150769
Bulgaria,Gabrovo,BG0000275,70.4532965437423,1.3831184451484428
Bulgaria,Gabrovo,BG0000214,26.0058090013079,1.5676459626527073
Bulgaria,Grad Sofiya,BG0000113,261.562888743349,1.3887722147390686
Bulgaria,Grad Sofiya,BG0001307,24.7349352725688,1.2951168053598814
Bulgaria,Grad Sofiya,BG0002114,3.51845342159272,10.249454370266498
Bulgaria,Haskovo,BG0001032,2024.81311763394,1.532188446557425
Bulgaria,Haskovo,BG0002021,1019.96587680462,1.1890865417119263
Bulgaria,Haskovo,BG0000212,904.423168320661,1.0203237520820478
Bulgaria,Kardzhali,BG0002071,82.7959039420408,0.9408047801842371
Bulgaria,Kardzhali,BG0002013,37.9208050842024,0.4637173896546611
Bulgaria,Kardzhali,BG0002012,18.4031235296745,0.2801347177191581
Bulgaria,Kyustendil,BG0002129,414.425448951717,1.890340912550046
Bulgaria,Kyustendil,BG0001011,262.747336997505,1.367866919243081
Bulgaria,Kyustendil,BG0002079,219.894624555805,1.5237746501576994
Bulgaria,Lovech,BG0001493,968.231895501801,1.6288126070548814
Bulgaria,Lovech,BG0002109,489.703848360887,2.2445152506709523
Bulgaria,Lovech,BG0002128,374.771153147555,1.3019952875166252
Bulgaria,Montana,BG0001040,1750.73426698556,1.3008727950255945
Bulgaria,Montana,BG0002002,1398.22896756907,1.677154511270905
Bulgaria,Montana,BG0000182,50.8741321008839,3.4449074458475266
Bulgaria,Pazardzhik,BG0001030,3205.1104435309,2.1327229388055122
Bulgaria,Pazardzhik,BG0002063,1530.77806222465,1.9079991691330411
Bulgaria,Pazardzhik,BG0001389,1007.66450040388,1.607712153390875
Bulgaria,Pernik,BG0001017,550.944060613081,4.113624741470884
Bulgaria,Pernik,BG0001012,203.448069202693,1.647503842991823
Bulgaria,Pernik,BG0002089,166.959744734426,3.1769394626309997
Bulgaria,Pleven,BG0000240,433.719163880031,2.4355338707719127
Bulgaria,Pleven,BG0000396,288.744347563991,2.44844862987577
Bulgaria,Pleven,BG0002017,200.861053561528,5.670829443272921
Bulgaria,Plovdiv,BG0001031,1262.74191097442,1.3740206393715027
Bulgaria,Plovdiv,BG0000578,174.559567335939,3.229383369931197
Bulgaria,Plovdiv,BG0000429,83.9574984273675,2.9894243976796195
Bulgaria,Razgrad,BG0002062,1209.55031504027,2.2705754231609285
Bulgaria,Razgrad,BG0000168,1100.52240518,3.208062830781247
Bulgaria,Razgrad,BG0000608,307.277808939762,1.6420717429516536
Bulgaria,Ruse,BG0002024,213.923510848582,14.147533297783161
Bulgaria,Ruse,BG0000232,210.78943337135,13.841993758433189
Bulgaria,Ruse,BG0000529,208.460829709988,29.516425423169167
Bulgaria,Shumen,BG0000393,329.984684042064,2.055990928793504
Bulgaria,Shumen,BG0000178,7.39246586948634,0.5101653196853623
Bulgaria,Shumen,BG0000382,4.01666711568832,0.13072650210769254
Bulgaria,Silistra,BG0000106,761.231572101075,2.685390321256788
Bulgaria,Silistra,BG0002039,532.629691351326,2.1748428788421874
Bulgaria,Silistra,BG0000377,265.537858921336,6.960524630021118
Bulgaria,Sliven,BG0002029,490.448154866221,0.8405223886713384
Bulgaria,Sliven,BG0000117,303.450397856461,0.7490430191453391
Bulgaria,Sliven,BG0000192,103.988658302349,2.595581827514384
Bulgaria,Smolyan,BG0002073,729.086280587561,1.4843484335062764
Bulgaria,Smolyan,BG0002113,567.14557446403,1.674208716498229
Bulgaria,Smolyan,BG0002105,154.80600662453,1.2806536591844195
Bulgaria,Sofia,BG0002054,897.053407897724,1.7579610490482698
Bulgaria,Sofia,BG0000636,537.203377687364,2.5405563614076905
Bulgaria,Sofia,BG0000495,208.98110972053,0.48534345893230985
Bulgaria,Stara Zagora,BG0000628,152.077935695657,1.9792501775383413
Bulgaria,Stara Zagora,BG0000261,11.3778664922901,2.027214816366579
Bulgaria,Stara Zagora,BG0000443,5.89269249567878,0.8713610259424335
Bulgaria,Targovishte,BG0000432,119.806914737415,3.116957322135081
Bulgaria,Targovishte,BG0000421,17.5922013442202,0.2592404560012991
Bulgaria,Targovishte,BG0002093,0,0
Bulgaria,Targovishte,BG0000589,0,0
Bulgaria,Varna,BG0002044,898.268157710088,2.054399860832147
Bulgaria,Varna,BG0002038,718.828868096863,1.4056123916179168
Bulgaria,Varna,BG0000133,708.259312628237,2.1993536702462837
Bulgaria,Veliko Tarnovo,BG0000211,509.736940354769,1.8804218961594794
Bulgaria,Veliko Tarnovo,BG0000610,294.223948010013,2.6367242958776433
Bulgaria,Veliko Tarnovo,BG0002018,81.5373266422749,11.286367061783684
Bulgaria,Vidin,BG0000340,60.8090987950656,5.4101608338406635
Bulgaria,Vidin,BG0000521,32.5760105611824,2.3265219504437114
Bulgaria,Vidin,BG0000500,23.1818834448187,1.3608505840173373
Bulgaria,Vratsa,BG0001014,427.468602629181,2.464778229323682
Bulgaria,Vratsa,BG0000334,138.284191780115,6.344154473597265
Bulgaria,Vratsa,BG0000166,135.808799125581,0.6339465163607356
Bulgaria,Yambol,BG0002026,585.701183925956,2.8160346401175573
Bulgaria,Yambol,BG0000218,576.954001547516,2.6946363215276636
Bulgaria,Yambol,BG0000195,276.321891730651,5.5010234500875805
Croatia,Bjelovarska-Bilogorska,HR1000008,3021.89366707967,5.622092189704605
Croatia,Bjelovarska-Bilogorska,HR1000009,412.735327484608,3.307639483707269
Croatia,Bjelovarska-Bilogorska,HR1000010,201.972286807879,2.2881293826715656
Croatia,Brodsko-Posavska,HR2000623,450.196442720774,6.127173960336191
Croatia,Brodsko-Posavska,HR1000005,240.16205992729,1.485393454666899
Croatia,Brodsko-Posavska,HR2001379,126.82173993364,8.153900239766282
Croatia,Dubrovacko-Neretvanska,HR1000036,580.179880470207,1.7196625511159986
Croatia,Dubrovacko-Neretvanska,HR1000031,201.744823823094,1.489519856630268
Croatia,Dubrovacko-Neretvanska,HR5000031,201.744823823094,1.489519856630268
Croatia,Grad Zagreb,HR2000583,92.9731148739351,0.8098960888036518
Croatia,Grad Zagreb,HR2000589,27.9599039679766,6.094026774844324
Croatia,Grad Zagreb,HR1000002,6.47738755524158,1.1884889361764424
Croatia,Istarska,HR1000018,288.214961999792,1.2106147360059072
Croatia,Istarska,HR2001360,241.30047255367,3.26700868169489
Croatia,Istarska,HR2000601,155.610193827152,1.1647171008314492
Croatia,Karlovacka,HR1000001,498.026626639813,2.523324969562162
Croatia,Karlovacka,HR2000592,423.601198520808,1.8247509760382783
Croatia,Karlovacka,HR2001335,219.216515814484,9.014590710080125
Croatia,Koprivničko-Križevačka,HR1000014,212.866088966631,1.7071261722262407
Croatia,Koprivničko-Križevačka,HR5000014,212.866088966631,1.7071261722262407
Croatia,Koprivničko-Križevačka,HR2000570,69.7583558587543,24.025561973448657
Croatia,Krapinsko-Zagorska,HR2001115,5.982131057558,0.9311913224041328
Croatia,Krapinsko-Zagorska,HR2001348,0.18,0.25766459379610857
Croatia,Krapinsko-Zagorska,HR2001070,0.0685874855518341,0.050747136913970946
Croatia,Licko-Senjska,HR1000021,732.795883447481,1.2827915918866668
Croatia,Licko-Senjska,HR1000022,709.135693147592,0.5611725923819031
Croatia,Licko-Senjska,HR5000022,625.3964948247,0.5508338243763433
Croatia,Medimurska,HR1000013,46.3410738215129,1.228330454169969
Croatia,Medimurska,HR2001307,46.3410738215129,1.228330454169969
Croatia,Medimurska,HR2000364,19.4822846301645,0.6393088572417702
Croatia,Osjecko-Baranjska,HR1000016,3714.70466247894,10.51148015983655
Croatia,Osjecko-Baranjska,HR2001308,1478.22079310325,15.357745315882058
Croatia,Osjecko-Baranjska,HR2001309,1076.67401661743,11.26519070736591
Croatia,Požeško-Slavonska,HR1000040,628.210386876045,3.317371417395129
Croatia,Požeško-Slavonska,HR2000580,628.210386876045,3.317371417395129
Croatia,Požeško-Slavonska,HR2001355,412.706934770189,7.91105461295867
Croatia,Primorsko-Goranska,HR1000019,2553.27216935696,1.985575429592825
Croatia,Primorsko-Goranska,HR5000019,2492.79695721402,1.99510180397066
Croatia,Primorsko-Goranska,HR2001358,728.348835945403,2.12102324230587
Croatia,Sisacko-Moslavacka,HR1000004,2307.58164171551,3.7607615924122983
Croatia,Sisacko-Moslavacka,HR2000416,1425.21736076644,5.071491119202473
Croatia,Sisacko-Moslavacka,HR2001356,974.746501744424,5.797596710930389
Croatia,Splitsko-Dalmatinska,HR1000039,150.93,1.878043861794184
Croatia,Splitsko-Dalmatinska,HR1000030,110.987988412615,0.5448029134285474
Croatia,Splitsko-Dalmatinska,HR1000028,106.83,0.37672841168369847
Croatia,Splitsko-Dalmatinska,HR5000028,106.83,0.37758055794127937
Croatia,Varaždinska,HR2000371,40.5528494027909,1.5310699426226797
Croatia,Varaždinska,HR2000369,2.68948052190012,0.696703821150241
Croatia,Varaždinska,HR2001412,0.991784879928455,1.2206000620138522
Croatia,Viroviticko-Podravska,HR2001281,363.848455117242,8.072805295111971
Croatia,Viroviticko-Podravska,HR2001329,6.05781012258805,1.730844823139489
Croatia,Viroviticko-Podravska,HR1000012,0,0
Croatia,Viroviticko-Podravska,HR2001004,0,0
Croatia,Viroviticko-Podravska,HR2001006,0,0
Croatia,Viroviticko-Podravska,HR2001005,0,0
Croatia,Vukovarsko-Srijemska,HR1000006,2938.81543975667,9.888243577830636
Croatia,Vukovarsko-Srijemska,HR2001414,2408.84418327897,9.81319651524038
Croatia,Vukovarsko-Srijemska,HR2001415,354.664475610098,10.341491939768414
Croatia,Zadarska,HR1000024,230.002982755992,0.5846634710131816
Croatia,Zadarska,HR2001361,162.021324873976,0.8979448836880115
Croatia,Zadarska,HR2001280,103.507700686455,5.361922495476083
Croatia,Zagrebačka,HR2000586,404.980615703678,2.204896234082868
Croatia,Zagrebačka,HR2000465,144.525130045535,5.015088232510333
Croatia,Zagrebačka,HR2000444,35.3115242358095,6.431224146105821
Croatia,Šibensko-Kninska,HR1000026,170.442880774367,0.302677044819658
Croatia,Šibensko-Kninska,HR2000918,50.9112998967944,0.4890432559447877
Croatia,Šibensko-Kninska,HR2001371,20.9904163608846,2.116375078666343
Cyprus,Famagusta,CY3000002,0.170051803439856,0.01685860008456285
Cyprus,Famagusta,CY3000005,0.09,0.009453486905720485
Cyprus,Famagusta,CY3000008,0,0
Cyprus,Famagusta,CY3000009,0,0
Cyprus,Famagusta,CY3000001,0,0
Cyprus,Larnaca,CY6000008,18.9711552860518,0.78542294817884
Cyprus,Larnaca,CY6000004,4.32,0.31979246801294575
Cyprus,Larnaca,CY6000007,1.62,0.1465366874376909
Cyprus,Limassol,CY5000010,100.975215134353,1.7535196950358847
Cyprus,Limassol,CY5000004,49.2123488491956,0.8736967182875737
Cyprus,Limassol,CY5000011,19.4927697018721,0.9093267070869918
Cyprus,Nicosia,CY2000006,78.4729143128917,0.21046492738767308
Cyprus,Nicosia,CY2000013,43.4414493924589,0.9938848344370554
Cyprus,Nicosia,CY2000004,37.671456610641,1.330301455509843
Cyprus,Paphos,CY4000023,40.1933931596065,0.3140411496218802
Cyprus,Paphos,CY4000010,29.4937669363618,0.23259818055576878
Cyprus,Paphos,CY4000020,24.6259038090007,0.6403624658921409
Czechia,Jihomoravský,CZ0624119,922.221148368013,12.496382251603706
Czechia,Jihomoravský,CZ0621027,918.388102298265,12.614219455247794
Czechia,Jihomoravský,CZ0621025,798.244015893225,11.094483163948114
Czechia,Jihočeský,CZ0314024,11842.8379115311,10.880127259204045
Czechia,Jihočeský,CZ0311041,9546.8316032158291,15.57863178557452
Czechia,Jihočeský,CZ0311034,3884.1114345617,28.377283642998773
Czechia,Karlovarský,CZ0411002,1564.59230658581,3.8274731139963714
Czechia,Karlovarský,CZ0414127,1141.94732855649,4.916797456942576
Czechia,Karlovarský,CZ0414110,426.200996660722,6.850895773169646
Czechia,Kraj Vysočina,CZ0614131,261.059743060219,19.26837753266387
Czechia,Kraj Vysočina,CZ0610179,64.6904706855633,23.664258171637027
Czechia,Kraj Vysočina,CZ0610003,46.6578386340698,26.71397352655882
Czechia,Královéhradecký,CZ0524044,1940.92364779803,6.165353328789637
Czechia,Královéhradecký,CZ0521009,1462.52582539124,6.561284817711545
Czechia,Královéhradecký,CZ0521014,630.485613131324,11.101303637275043
Czechia,Liberecký,CZ0511007,840.73574207274,14.480220677659435
Czechia,Liberecký,CZ0514042,509.910699059826,13.12682228871811
Czechia,Liberecký,CZ0512100,113.75325297076,9.78610182932943
Czechia,Moravskoslezský,CZ0711017,3811.54010320467,9.373022874010358
Czechia,Moravskoslezský,CZ0811022,3129.50829190403,14.008946114818968
Czechia,Moravskoslezský,CZ0810018,223.490624672422,11.543732723803686
Czechia,Olomoucký,CZ0711019,7040.9203274223,29.95569342274801
Czechia,Olomoucký,CZ0714133,2529.76457929611,33.351001837473184
Czechia,Olomoucký,CZ0711016,1110.0904957501,5.531082412085469
Czechia,Pardubický,CZ0530146,103.837578580742,7.783815429646074
Czechia,Pardubický,CZ0530033,84.8899697745103,12.625998467360116
Czechia,Pardubický,CZ0530020,47.4593603882461,7.1387430539266505
Czechia,Plzeňský,CZ0320180,210.849007054919,12.427255265441376
Czechia,Plzeňský,CZ0320030,97.4737696685757,14.502298986039397
Czechia,Plzeňský,CZ0320053,62.8254380533045,6.770662770062717
Czechia,Prague,CZ0213779,12.5292070763838,3.875888609521421
Czechia,Prague,CZ0110142,1.85407799005508,1.6994417559731596
Czechia,Prague,CZ0110040,0.72,1.4433630429377153
Czechia,Středočeský,CZ0211001,1800.25553860554,7.678463649205184
Czechia,Středočeský,CZ0214013,681.535150472034,9.274692815080076
Czechia,Středočeský,CZ0210101,386.714167022709,12.218490571720007
Czechia,Zlínský,CZ0724089,9550.29589376095,11.561657068872464
Czechia,Zlínský,CZ0724091,1406.57296832257,11.409117263274585
Czechia,Zlínský,CZ0721023,1341.46878016192,8.570695793091913
Czechia,Ústecký,CZ0421006,5287.12165891454,25.695382929953066
Czechia,Ústecký,CZ0424031,3342.77012949064,47.54369727899353
Czechia,Ústecký,CZ0421004,492.448548414006,5.060013681204581
Denmark,Hovedstaden,DK007X080,797.262808954501,21.60615963535621
Denmark,Hovedstaden,DK003X108,700.777105183812,14.018969632228117
Denmark,Hovedstaden,DK003X207,700.697516839346,14.228030959585936
Denmark,Midtjylland,DK00DZ153,625.431156105201,14.471313696638417
Denmark,Midtjylland,DK00DZ034,614.174642355983,15.111550884894791
Denmark,Midtjylland,DK00DX300,259.456363982465,11.593771160912047
Denmark,Nordjylland,DK00FX126,1245.6127816001,18.36498243184134
Denmark,Nordjylland,DK00FX004,1084.45106863292,20.348647384833786
Denmark,Nordjylland,DK00FX007,368.443719902927,5.686191199337058
Denmark,Sjælland,DK006X092,125.383876599781,10.340849492881752
Denmark,Sjælland,DK004X216,98.2628807011235,9.047094997757446
Denmark,Sjælland,DK006Y091,64.6595924045239,4.833782919672848
Denmark,Syddanmark,DK00AX173,450.920969680442,4.899584680384103
Denmark,Syddanmark,DK008X074,286.156770595238,15.0616572668475
Denmark,Syddanmark,DK008X194,255.170479913098,18.110559564914215
Estonia,Harju,EE0010106,260.115314525776,2.399829343068409
Estonia,Harju,EE0010108,88.3586152984229,4.1373095810938505
Estonia,Harju,EE0010102,14.4127478315122,3.843853176592042
Estonia,Hiiu,EE0040122,56.6847015296517,2.5294838502804278
Estonia,Hiiu,EE0040116,41.9998446514094,1.3917023956074446
Estonia,Hiiu,EE0040135,35.6728471305695,1.406244258914541
Estonia,Ida-Viru,EE0070103,382.635354266418,2.926976596157789
Estonia,Ida-Viru,EE0070172,382.076840611451,2.72305456447449
Estonia,Ida-Viru,EE0070173,265.844279257696,5.263343768351756
Estonia,Järva,EE0060171,384.94687954807,2.0638619780005243
Estonia,Järva,EE0060119,329.723804612051,1.959746147314527
Estonia,Järva,EE0060121,85.4766401413997,6.293251831222836
Estonia,Jõgeva,EE0080172,250.366625457837,3.2581299159119723
Estonia,Jõgeva,EE0080108,25.9310556051519,1.4336811478681228
Estonia,Jõgeva,EE0080306,21.6867712955368,1.84854238863773
Estonia,Lääne,EE0040202,318.62882073796,1.884873203888079
Estonia,Lääne,EE0040203,161.721108808008,2.5962149403123873
Estonia,Lääne,EE0040201,81.4814964081154,0.41879181065156545
Estonia,Lääne-Viru,EE0060209,212.058400232252,4.940969658144195
Estonia,Lääne-Viru,EE0020205,95.142294183308593,1.9183625290076354
Estonia,Lääne-Viru,EE0060207,54.6084955498556,5.62676205218885
Estonia,Peipsi,EE0080112,1.44860490906984,0.10519537938780699
Estonia,Peipsi,EE0080319,0.198994516432285,0.001946932646101324
Estonia,Peipsi,EE0070126,0.0988871378079057,5.228421006699079e-4
Estonia,Pärnu,EE0040344,466.268101196479,3.3187551192868376
Estonia,Pärnu,EE0040316,269.999037318925,3.445349437769744
Estonia,Pärnu,EE0040351,182.12998315889,1.7602934381683473
Estonia,Põlva,EE0080217,70.6600018934299,8.38753252385657
Estonia,Põlva,EE0080234,68.7039216072346,2.4829734738486984
Estonia,Põlva,EE0080204,66.5560570527259,3.0208292520705906
Estonia,Rapla,EE0020341,338.824206342895,2.474876568705306
Estonia,Rapla,EE0020325,172.394273404193,1.848519488000652
Estonia,Rapla,EE0020314,102.454792485827,2.9402847039336546
Estonia,Saare,EE0040472,81.3919199218741,4.481095571294793
Estonia,Saare,EE0040457,72.968240852952,24.7242271117511
Estonia,Saare,EE0040443,69.1778353750885,1.6400591529908286
Estonia,Tartu,EE0080374,178.336110647839,0.7018956299499443
Estonia,Tartu,EE0080371,81.2593857319721,4.296135185200817
Estonia,Tartu,EE0080323,62.9797205548376,0.24606501098703212
Estonia,Valga,EE0080401,1198.58353229343,6.733134893032389
Estonia,Valga,EE0080471,109.944442976072,4.3789677944604035
Estonia,Valga,EE0080421,89.6789104408895,4.1421424777771465
Estonia,Viljandi,EE0080574,401.952416034196,1.284017405915526
Estonia,Viljandi,EE0080573,20.4141858893773,1.1944134215787394
Estonia,Viljandi,EE0080520,8.08189122485113,4.8659159198832596
Estonia,Võru,EE0080613,1397.75614978154,10.856546458155114
Estonia,Võru,EE0080671,314.585467256934,3.131059365228381
Estonia,Võru,EE0080672,84.9834730828438,4.178466573152993
Finland,Eastern Finland,FI0500013,1221.5985642211,4.1143163578510515
Finland,Eastern Finland,FI0700011,1130.16937222422,14.739331854333052
Finland,Eastern Finland,FI0500026,508.3812686412,4.602378834851607
Finland,Lapland,FI1302002,480.984440013114,0.12301624359618395
Finland,Lapland,FI1300105,444.275882793231,0.1560543780830403
Finland,Lapland,FI1301104,201.484655824233,2.216599677190122
Finland,Oulu,FI1105413,1034.27096435534,14.972944192325544
Finland,Oulu,FI1103829,465.133770229748,1.8631406365206504
Finland,Oulu,FI1105408,272.160171990742,20.41046347803762
Finland,Southern Finland,FI0100051,385.003844024369,22.47451853658699
Finland,Southern Finland,FI0424002,225.784290932298,37.35692519268604
Finland,Southern Finland,FI0422005,149.167757463438,40.5284707066272
Finland,Western Finland,FI0325001,731.09668337871,11.627528284237341
Finland,Western Finland,FI0327003,692.949226918759,15.78355264692273
Finland,Western Finland,FI0200024,449.245745364617,13.291694092237677
France,Auvergne-Rhône-Alpes,FR8312002,1468.83101327848,3.258823028027255
France,Auvergne-Rhône-Alpes,FR7412001,1430.98681565339,4.684056314441503
France,Auvergne-Rhône-Alpes,FR8312009,902.999571453893,1.9466712529959036
France,Bourgogne-Franche-Comté,FR2601016,1473.60926980266,4.720489372267227
France,Bourgogne-Franche-Comté,FR4312028,1442.5193999307,9.983519692445634
France,Bourgogne-Franche-Comté,FR4301346,1442.51927836955,9.983521766073855
France,Bretagne,FR5300013,305.560769963455,5.344582731840232
France,Bretagne,FR5300039,125.937073230324,13.220599760020265
France,Bretagne,FR5300014,122.695078045721,11.601358063148805
France,Centre-Val de Loire,FR2402001,14918.8747109391,7.328503652629105
France,Centre-Val de Loire,FR2410016,2810.02732167618,12.017056208363591
France,Centre-Val de Loire,FR2410018,2221.25777954074,10.394245408108654
France,Corse,FR9410113,238.427769207465,2.226929207128858
France,Corse,FR9400577,214.966232892519,2.0601650724153906
France,Corse,FR9400592,125.853616261569,9.265585763901017
France,Grand Est,FR2112013,6838.11624848039,14.931144419531364
France,Grand Est,FR4100171,1982.04418918545,20.898016263668936
France,Grand Est,FR2112011,1048.85808736204,1.8994853171778088
France,Hauts-de-France,FR2212001,962.098334950814,5.781058718753602
France,Hauts-de-France,FR2212005,470.086868176356,6.377871088480378
France,Hauts-de-France,FR3112001,441.283156422812,7.760865846691388
France,Normandie,FR2512004,1176.38301037503,4.287792369203172
France,Normandie,FR2500106,94.2228502214877,3.7047833978218434
France,Normandie,FR2502015,62.1626190157281,1.5833867833829514
France,Nouvelle-Aquitaine,FR7412003,9058.20868749852,18.168607836545508
France,Nouvelle-Aquitaine,FR7210078,845.829871268599,9.471651877783579
France,Nouvelle-Aquitaine,FR7401105,837.318087087542,15.917531759305165
France,Occitanie,FR9110033,2410.85168181549,3.853987445779519
France,Occitanie,FR9110105,1853.54285568101,7.134503178816347
France,Occitanie,FR9112033,1566.21451085431,8.278736225473935
France,Pays de la Loire,FR5200647,399.333228602216,11.030948870376161
France,Pays de la Loire,FR5410100,202.88439739083,0.5377959579934013
France,Pays de la Loire,FR5212005,189.618472221717,6.754191993411925
France,Provence-Alpes-Côte d'Azur,FR9301605,1379.6622802472,7.857447696990776
France,Provence-Alpes-Côte d'Azur,FR9302007,1061.28771761387,4.129898314431918
France,Provence-Alpes-Côte d'Azur,FR9312012,1061.28771761387,4.129898314431918
France,Île-de-France,FR1100795,619.390639127566,3.211060149711189
France,Île-de-France,FR1110795,619.246767036363,3.2106377631873517
France,Île-de-France,FR1112011,437.592061712972,4.25694421448561
Germany,Baden-Württemberg,DE7415441,2211.1715267251,7.6603667825444575
Germany,Baden-Württemberg,DE8114441,1554.05840293816,7.186468169045819
Germany,Baden-Württemberg,DE7915441,960.00090048911,5.90508938948536
Germany,Bayern,DE6946301,4409.21729683069,28.077012826645536
Germany,Bayern,DE6946401,4394.55105798308,28.13549638964108
Germany,Bayern,DE6533471,1419.31173605524,4.7443361600963385
Germany,Berlin,DE3445301,11.2351530510932,1.3089751927034325
Germany,Berlin,DE3548301,9.99179520819336,0.860846853748346
Germany,Berlin,DE3545301,6.94240467882716,0.5618492423672963
Germany,Brandenburg,DE4151421,1862.18259345635,3.401199688344678
Germany,Brandenburg,DE2746401,1295.87302707586,2.744687776492239
Germany,Brandenburg,DE4447421,1099.86907876376,8.847793667727565
Germany,Bremen,DE2717301,0.8052567923069,5.163503139669494
Germany,Bremen,DE2817401,0.72,0.11986726807102954
Germany,Bremen,DE2818401,0.597088595330715,0.032539867148093586
Germany,Hamburg,DE2525301,10.6974585229601,2.0420749955410606
Germany,Hamburg,DE2327302,5.35594848811626,1.706865921315158
Germany,Hamburg,DE2324302,2.36846678584814,5.103687670265098
Germany,Hessen,DE4917401,4584.13372755895,22.300827927513055
Germany,Hessen,DE5421401,3341.90167128455,8.722375028229276
Germany,Hessen,DE5022401,2947.16587337561,14.713385361939965
Germany,Mecklenburg-Vorpommern,DE2339402,1062.53070055375,4.835805765676978
Germany,Mecklenburg-Vorpommern,DE2642401,472.007958884162,1.4951293236146799
Germany,Mecklenburg-Vorpommern,DE2645402,404.30551634537,2.3939677711104936
Germany,Niedersachsen,DE4129302,6723.05371225049,58.65754691968904
Germany,Niedersachsen,DE4229402,6680.11712633297,59.03703872430284
Germany,Niedersachsen,DE2725301,728.509733855434,3.8680083165670123
Germany,Nordrhein-Westfalen,DE4514302,2677.23732805157,50.87712419462367
Germany,Nordrhein-Westfalen,DE4419401,1870.60357882521,40.517717251566154
Germany,Nordrhein-Westfalen,DE4717401,1810.05228053719,17.491093084116034
Germany,Rheinland-Pfalz,DE5312401,6743.88661332039,28.288043052408934
Germany,Rheinland-Pfalz,DE5507401,1790.52237308962,9.248014547116178
Germany,Rheinland-Pfalz,DE5908401,1431.24112113028,8.991259504361393
Germany,Saarland,DE6706301,120.865719738516,3.618315730760794
Germany,Saarland,DE6308301,61.2203963109867,11.970356715639664
Germany,Saarland,DE6609301,59.1904257616494,5.960452118769609
Germany,Sachsen,DE5050301,1788.23613126075,36.984156728458906
Germany,Sachsen,DE5050451,1787.76591867282,36.99376081641766
Germany,Sachsen,DE4552451,841.791162590281,4.758786192727209
Germany,Sachsen-Anhalt,DE4229401,2906.73651456617,68.01865557622918
Germany,Sachsen-Anhalt,DE4232401,2810.46465514734,31.98081815387819
Germany,Sachsen-Anhalt,DE4229301,2804.54842924109,68.34645820664994
Germany,Schleswig-Holstein,DE2428492,203.305834579985,4.174790232130147
Germany,Schleswig-Holstein,DE2331491,100.826375060433,1.385802938852561
Germany,Schleswig-Holstein,DE2331471,67.1682956177672,0.4926745870976813
Germany,Thüringen,DE5432401,3579.17892187679,40.6315676045209
Germany,Thüringen,DE5430401,2433.34869534089,18.293689998576294
Germany,Thüringen,DE5535420,1760.71415635484,40.75623399483894
Greece,Aegean,GR4220028,449.556221913599,3.0790437265919888
Greece,Aegean,GR4220001,430.245377694356,8.5320450886489
Greece,Aegean,GR4210002,250.721690288361,5.0625267818692254
Greece,Athos,GR1270003,1319.47414410129,6.708117175653089
Greece,Athos,GR1270015,0.22459865427576,0.001822309240044375
Greece,Attica,GR3000001,177.008127982424,1.9994385822398961
Greece,Attica,GR3000013,65.8913631581759,1.7127857565906717
Greece,Attica,GR3000005,35.1,0.9032075265846434
Greece,Crete,GR4340004,202.54212270457,4.216195309850783
Greece,Crete,GR4330004,169.166734720216,1.8154061387632887
Greece,Crete,GR4340008,66.84615035492,0.22708118283895218
Greece,Epirus and Western Macedonia,GR2130011,635.505359444555,1.7313210354409272
Greece,Epirus and Western Macedonia,GR2130002,496.303315115054,4.246410790329434
Greece,Epirus and Western Macedonia,GR1320002,258.793459762314,1.125061736380971
Greece,Macedonia and Thrace,GR1240009,869.769508187214,1.4461297704009173
Greece,Macedonia and Thrace,GR1240008,629.916984995468,1.1848487158988092
Greece,Macedonia and Thrace,GR1210001,598.797217924122,3.4395415319078806
Greece,"Peloponnese, Western Greece and",GR2550006,437.183590805697,1.1406824389628172
Greece,"Peloponnese, Western Greece and",GR2550009,384.011711108837,1.054368522400159
Greece,"Peloponnese, Western Greece and",GR2520006,299.336187532257,0.764410149822287
Greece,Thessaly and Central Greece,GR1440003,977.84812366873,2.7150917224528155
Greece,Thessaly and Central Greece,GR1440005,971.545231427243,2.420669358638349
Greece,Thessaly and Central Greece,GR1430006,633.913811616456,3.309151606409846
Hungary,Baranya,HUDD20030,1033.19024044079,6.517897595056583
Hungary,Baranya,HUDD20045,774.494712285537,9.923045441689366
Hungary,Baranya,HUDD20008,756.45761517229,12.710961575404909
Hungary,Borsod-Abaúj-Zemplén,HUBN10003,2519.0150392076,5.326980833916741
Hungary,Borsod-Abaúj-Zemplén,HUBN10007,2404.46525601413,2.997018479452488
Hungary,Borsod-Abaúj-Zemplén,HUBN20001,514.848248769825,5.674956443370845
Hungary,Bács-Kiskun,HUDD10003,2383.85991272922,14.766849391679063
Hungary,Bács-Kiskun,HUKN20024,333.722888752372,5.0061154997056
Hungary,Bács-Kiskun,HUKN20003,253.325052653373,2.185074079676098
Hungary,Békés,HUKM20011,620.701233604118,19.638726396490632
Hungary,Békés,HUKM20017,68.9862399411757,1.592887261999761
Hungary,Békés,HUKM20012,46.3000955286134,4.026890656332095
Hungary,Csongrád,HUKN10007,868.970699892058,3.2576682959711416
Hungary,Csongrád,HUKN20031,737.698467062823,10.545968429938497
Hungary,Csongrád,HUKM20008,269.247451005082,10.60338031902281
Hungary,Fejér,HUDI30001,1073.44837731811,6.216025165649424
Hungary,Fejér,HUDI20015,203.811061107405,6.466014043194022
Hungary,Fejér,HUDI20053,102.631317325942,3.685235724842826
Hungary,Gyor-Moson-Sopron,HUFH30004,958.06145346485,10.249235332301707
Hungary,Gyor-Moson-Sopron,HUFH30005,509.550764230497,6.05965837076238
Hungary,Gyor-Moson-Sopron,HUFH20001,370.575650463834,9.973882098453865
Hungary,Hajdú-Bihar,HUHN20033,1079.57060390656,24.24988043313321
Hungary,Hajdú-Bihar,HUHN20032,919.511438818967,25.68321702400337
Hungary,Hajdú-Bihar,HUHN10002,328.083457900327,0.3968877164630516
Hungary,Heves,HUBN10006,1082.86270565938,5.78785084063678
Hungary,Heves,HUBN20012,116.528385985963,6.913451529656481
Hungary,Heves,HUBN10004,92.5465285558369,0.2249132099686997
Hungary,Jász-Nagykun-Szolnok,HUHN20015,1331.31459501516,10.82931401377936
Hungary,Jász-Nagykun-Szolnok,HUHN10004,1259.88411826212,10.697061156384867
Hungary,Jász-Nagykun-Szolnok,HUHN20003,231.216155744644,1.9179796404212117
Hungary,Komárom-Esztergom,HUDI10003,1562.32482714935,7.350218423553223
Hungary,Komárom-Esztergom,HUDI20030,631.320382973573,14.308932801369053
Hungary,Komárom-Esztergom,HUDI20020,140.914730081632,6.762756614483754
Hungary,Nógrád,HUBN20051,85.107407111203,7.2743247918282155
Hungary,Nógrád,HUBN20055,64.973188767708,9.145366297032744
Hungary,Nógrád,HUBN20056,57.0177837234177,3.067432582307317
Hungary,Pest,HUDI10002,1549.79792113512,4.095389320387296
Hungary,Pest,HUDI20008,1006.65667331121,4.51862909313885
Hungary,Pest,HUDI20039,737.795383526612,3.8484793700259203
Hungary,Somogy,HUDD10008,3916.54405715313,14.469850082029895
Hungary,Somogy,HUDD20063,3521.39856684312,22.324599239826735
Hungary,Somogy,HUDD10013,2011.04116769951,14.045996196314256
Hungary,Szabolcs-Szatmár-Bereg,HUHN20001,1223.10901026132,8.184930557121303
Hungary,Szabolcs-Szatmár-Bereg,HUHN10008,704.94200889338,7.507556651092749
Hungary,Szabolcs-Szatmár-Bereg,HUHN10001,642.870798166322,1.8612314030985635
Hungary,Tolna,HUDD20032,2450.46563736488,14.854354567799138
Hungary,Tolna,HUDD20040,509.776324231555,12.556326353805572
Hungary,Tolna,HUDD20023,470.481374986462,7.478170709994281
Hungary,Vas,HUON10001,2110.90044053919,7.861921848617147
Hungary,Vas,HUON20018,2005.36022809184,7.361592399344078
Hungary,Vas,HUON20008,355.969590170386,4.618875362238522
Hungary,Veszprém,HUBF30001,1015.25328178626,6.437668094868133
Hungary,Veszprém,HUBF20001,381.468382886028,2.829988000615123
Hungary,Veszprém,HUBF20004,256.64611988185,7.517878573064605
Hungary,Zala,HUBF20046,1386.10762781042,19.244548751385324
Hungary,Zala,HUBF20035,609.75207464597,5.863285777737342
Hungary,Zala,HUBF20039,474.596439067755,13.87310291152359
Ireland,Carlow,IE0000770,174.337801117187,4.8362180297222
Ireland,Cavan,IE0000584,214.967694197455,3.2560708348783933
Ireland,Cavan,IE0000007,10.3745665008455,0.3014083729247899
Ireland,Cavan,IE0004049,3.44759343981743,0.2425103794789897
Ireland,Clare,IE0004168,6150.94930693523,15.700590655671167
Ireland,Clare,IE0002312,32.9499501750222,2.532321866517168
Ireland,Clare,IE0004058,18.6142669041781,0.21220683608049784
Ireland,Donegal,IE0002047,67.0967913726241,0.3056272542705588
Ireland,Donegal,IE0004039,62.6108195951139,0.2892743602130649
Ireland,Donegal,IE0002301,53.6424813797813,1.4239231099445147
Ireland,Dublin,IE0000202,8.11294709801674,3.1665215472053214
Ireland,Dublin,IE0001209,2.06874708116055,1.6712840835051919
Ireland,Dublin,IE0000204,0.09,0.033599700096426904
Ireland,Dublin,IE0004069,0.09,0.021540243074491035
Ireland,Galway,IE0002031,74.0100083394194,0.646929587456896
Ireland,Galway,IE0002350,30.8053661708269,14.488909548324733
Ireland,Galway,IE0000261,19.7565682151389,26.32082609079887
Ireland,Kerry,IE0000365,581.818983843978,1.3348982746153342
Ireland,Kerry,IE0002185,124.284855827593,2.2619629022587526
Ireland,Kerry,IE0000375,112.425731399652,1.1929996105728087
Ireland,Kildare,IE0000396,6.67631280526053,3.9076127572779993
Ireland,Kildare,IE0001398,2.45569917936343,5.111234915760203
Ireland,Kildare,IE0002331,2.15163335591554,0.5528923909417005
Ireland,Kilkenny,IE0002162,54.7765195886222,0.5603003804500933
Ireland,Kilkenny,IE0004233,3.39116877551013,1.0097906583729905
Ireland,Kilkenny,IE0000849,0.0968783064186573,0.08802379691172386
Ireland,Laois,IE0004160,3283.72699155452,23.10025429577929
Ireland,Laois,IE0000412,131.693630077471,4.32923819970021
Ireland,Laois,IE0002332,13.9955321640149,14.329957727404441
Ireland,Leitrim,IE0002032,53.6031363866929,1.8565773236363887
Ireland,Leitrim,IE0000623,11.3108519487742,0.2841215084990216
Ireland,Leitrim,IE0001976,10.8905797277739,0.49102428105087753
Ireland,Limerick,IE0004161,5000.74541429982,12.877154211457837
Ireland,Limerick,IE0002036,19.8759057564964,4.4073001448899545
Ireland,Limerick,IE0002037,2.94240183421411,4.63626136829164
Ireland,Longford,IE0000440,27.8926267745742,0.2527326045108638
Ireland,Longford,IE0004101,14.6889655710384,1.4120165190522898
Ireland,Longford,IE0001818,14.3513673897833,1.3977734892045164
Ireland,Louth,IE0000453,38.4284790237893,1.6259705294217879
Ireland,Louth,IE0004091,0.09,0.05243990887029516
Ireland,Louth,IE0002306,0,0
Ireland,Louth,IE0004078,0,0
Ireland,Louth,IE0001459,0,0
Ireland,Mayo,IE0000534,86.2097416834317,0.4283810890142309
Ireland,Mayo,IE0001922,81.4273266488733,1.1410642663504682
Ireland,Mayo,IE0004098,62.1509472635627,0.3170898395402877
Ireland,Meath,IE0002203,13.6361924005766,56.76725258331909
Ireland,Meath,IE0002299,3.90319360231573,0.2598315127291025
Ireland,Meath,IE0004065,0.450723724082345,0.036805399781325965
Ireland,Monaghan,IE0004167,257.024440846816,11.164871366632731
Ireland,NA,IE0004162,366.262123817895,12.06175089112383
Ireland,NA,IE0002170,43.1223352527879,0.6924814502748401
Ireland,NA,IE0000090,19.5302041943092,2.2519044863664113
Ireland,Offaly,IE0000216,21.6978456014957,0.5143241892263624
Ireland,Offaly,IE0004096,21.3199315115623,0.5112394428372101
Ireland,Offaly,IE0000566,5.85,2.324997319057328
Ireland,Roscommon,IE0004097,19.5576939719031,0.7327837110167337
Ireland,Roscommon,IE0002338,10.634960754903,5.679015058367789
Ireland,Roscommon,IE0000614,7.72894417583942,4.683515876800399
Ireland,Sligo,IE0002006,13.7342865322601,0.1866160422413645
Ireland,Sligo,IE0001656,11.0158141643554,0.9240407026304486
Ireland,Sligo,IE0000638,7.30750337020029,15.230346966639965
Ireland,Tipperary,IE0004165,2017.04959986337,14.458919741276699
Ireland,Tipperary,IE0000646,87.4693630193497,2.2259190324001676
Ireland,Tipperary,IE0002207,30.4398862476646,44.075854948395
Ireland,Waterford,IE0001952,202.084924469798,4.513843248906774
Ireland,Waterford,IE0004094,1.61350590661168,0.28082833066959345
Ireland,Waterford,IE0004192,1.34286135087255,0.2815689109164747
Ireland,Westmeath,IE0002336,34.8623425121605,20.23965300559035
Ireland,Westmeath,IE0002342,23.2385721261799,7.625154780183606
Ireland,Westmeath,IE0002337,14.6515728351474,10.462059590272553
Ireland,Wexford,IE0000781,11.765311750453,0.2425766358102878
Ireland,Wexford,IE0000710,8.73,2.014478046908691
Ireland,Wexford,IE0004009,0.54,0.17217407460288056
Ireland,Wicklow,IE0004040,1388.76007810343,6.343029291095939
Ireland,Wicklow,IE0002122,1017.97774248791,4.228935851356861
Ireland,Wicklow,IE0000714,18.323210319872,8.317457909302682
Italy,Abruzzo,IT7110128,618.260509684641,0.6281750355313723
Italy,Abruzzo,IT7140129,216.239529073422,0.4180449636348822
Italy,Abruzzo,IT7140203,151.819716363038,0.6191206546505134
Italy,Apulia,IT9130005,423.755709743454,2.0503039393701434
Italy,Apulia,IT9110039,366.006801640892,0.8820750499600556
Italy,Apulia,IT9110009,132.526753639653,4.0594346537833355
Italy,Basilicata,IT9210271,861.028300185662,4.46003748787276
Italy,Basilicata,IT9210275,316.820201220517,0.641524189433612
Italy,Basilicata,IT9210220,66.0693926928635,2.4243359545985896
Italy,Calabria,IT9320302,1300.1170373093,2.6550831473504997
Italy,Calabria,IT9310303,771.955349381927,1.4444030803573025
Italy,Calabria,IT9350300,449.53954609181,2.5214031318698282
Italy,Campania,IT8040021,978.052144625127,2.5986681413259065
Italy,Campania,IT8050022,473.511318312287,3.7780402510479614
Italy,Campania,IT8050052,454.88768995476,4.8847544061341415
Italy,Emilia-Romagna,IT4010002,166.08665700281,6.415640713351539
Italy,Emilia-Romagna,IT4030020,127.896817236711,16.95621943532646
Italy,Emilia-Romagna,IT4010004,119.724179230439,3.2397619537246856
Italy,Friuli-Venezia Giulia,IT3321001,319.213853377312,3.8999675276712895
Italy,Friuli-Venezia Giulia,IT3310001,124.371800630623,0.566083104628089
Italy,Friuli-Venezia Giulia,IT3321002,108.358485140767,1.125004429529876
Italy,Lazio,IT6030005,2413.80073077899,6.117906675095298
Italy,Lazio,IT6030043,902.883026038906,3.4894128605683488
Italy,Lazio,IT6040043,728.535060154116,2.254890437922881
Italy,Liguria,IT1331402,149.664212904235,1.2908031899215224
Italy,Liguria,IT1342806,142.808141475013,5.128463834221012
Italy,Liguria,IT1322216,108.184481728324,11.251420524850365
Italy,Lombardia,IT20B0501,661.241607452819,22.39865242078436
Italy,Lombardia,IT2080501,659.873273930274,3.0212535593494403
Italy,Lombardia,IT2080301,584.062320142146,3.894577128820726
Italy,Marche,IT5330029,147.687575942818,0.6755833951479208
Italy,Marche,IT5310019,89.7156411514431,1.8539952625073912
Italy,Marche,IT5310031,88.5503475667514,1.7518718166284368
Italy,Molise,IT7228230,268.907491308376,1.5318885513530076
Italy,Molise,IT7212134,216.884109323602,5.369140202335761
Italy,Molise,IT7222287,197.235223312422,1.8406783845464945
Italy,Piemonte,IT1180028,377.995840978081,6.405013180659032
Italy,Piemonte,IT1110079,65.6103468364477,2.777331741224644
Italy,Piemonte,IT1110035,60.0142917754314,5.604034759214289
Italy,Sardegna,ITB041105,375.591681046067,1.6799878025803634
Italy,Sardegna,ITB021103,355.843030341623,1.0750840594727407
Italy,Sardegna,ITB043055,314.363558605525,1.2082718170727118
Italy,Sicily,ITA030043,363.10513192518,1.0350360912965466
Italy,Sicily,ITA020050,309.669917255852,1.2762282832710823
Italy,Sicily,ITA020048,143.392750585859,0.4010373677162204
Italy,Toscana,IT5170002,1360.92458488208,15.576282299646401
Italy,Toscana,IT5190003,1208.22548149176,12.097598350125043
Italy,Toscana,IT5190006,836.363856776021,11.136036215997654
Italy,Trentino-Alto Adige,IT3120160,1721.97497383145,6.850059481742704
Italy,Trentino-Alto Adige,IT3120168,685.907903367117,6.782588078680039
Italy,Trentino-Alto Adige,IT3110017,576.781422173647,2.4197469739578827
Italy,Umbria,IT5220008,824.735611500051,15.37222771846419
Italy,Umbria,IT5310018,208.592566007845,8.99940437559226
Italy,Umbria,IT5210040,193.018781560797,12.99362344901091
Italy,Valle d'Aosta,IT1201000,92.7085384606628,0.22663110135406864
Italy,Valle d'Aosta,IT1202020,19.1818377605081,0.12762149786584828
Italy,Valle d'Aosta,IT1204030,4.5,0.07722837032451603
Italy,Veneto,IT3230089,2459.16859592039,5.143218170179863
Italy,Veneto,IT3220036,1006.42269125075,12.251955171634513
Italy,Veneto,IT3230006,746.313790953545,11.02885494366041
Latvia,Kurzeme,LV0305000,718.554584149277,11.681417994053463
Latvia,Kurzeme,LV0302100,378.580806918287,4.161310988436753
Latvia,Kurzeme,LV0518900,162.836890783286,3.340371506059147
Latvia,Latgale,LV0600400,3703.85314150235,11.67439591491001
Latvia,Latgale,LV0303400,3305.16183734817,7.613085899364457
Latvia,Latgale,LV0600300,1689.49014339641,10.752026567406554
Latvia,Riga,LV0600800,692.499979543758,8.616360455029875
Latvia,Riga,LV0200200,554.956785610924,2.0173351131283273
Latvia,Riga,LV0302200,288.129730798379,6.3247788061021035
Latvia,Vidzeme,LV0200100,5892.10582097542,8.370853357673894
Latvia,Vidzeme,LV0600500,3016.80788079582,16.783610331299347
Latvia,Vidzeme,LV0600200,2535.83258497224,17.058516953395973
Latvia,Zemgale,LV0300800,216.963600713372,5.540980187445404
Latvia,Zemgale,LV0525600,96.7055816183622,3.4668040545846344
Latvia,Zemgale,LV0526500,39.7746309030124,5.956092834445783
Lithuania,Alytaus,LTVARB005,6383.26564258651,16.880968724010124
Lithuania,Alytaus,LTVAR0017,6378.44111107685,17.055002661982616
Lithuania,Alytaus,LTVAR0036,670.138579158726,19.168806120350652
Lithuania,Kauno,LTKEDB003,1264.77393252626,27.05066145289625
Lithuania,Kauno,LTKAIB006,1041.38643756368,28.822870288172673
Lithuania,Kauno,LTKAUB005,987.226248811651,23.885174479471885
Lithuania,Klaipedos,LTSLUB004,2423.80009862985,22.112850026202928
Lithuania,Klaipedos,LTSIU0018,961.049243945279,22.667280901587013
Lithuania,Klaipedos,LTSLUB001,300.791598217785,1.624898281569927
Lithuania,Marijampoles,LTKAZ0007,743.731890552113,16.5411342093468
Lithuania,Marijampoles,LTVIK0002,159.119203077404,4.582078279229175
Lithuania,Marijampoles,LTKALB001,79.1678976183496,0.5932013147151691
Lithuania,Panevezio,LTPAN0006,5731.7197466377,21.923514540046252
Lithuania,Panevezio,LTBIRB001,3144.74143160526,23.886556069837205
Lithuania,Panevezio,LTPANB001,1881.55580943022,18.76772005561731
Lithuania,Taurages,LTJUR0008,5185.95784566666,20.846781126582155
Lithuania,Taurages,LTTAU0008,982.525951645254,10.806414682837788
Lithuania,Taurages,LTJUR0009,129.933366829967,15.88039667568647
Lithuania,Telšiai,LTPLU0010,3510.48907237798,16.99847283464192
Lithuania,Telšiai,LTMAZB001,684.079566876966,16.398277433569866
Lithuania,Telšiai,LTPLUB001,542.283806222063,3.3574627798923653
Lithuania,Utenos,LTANYB001,2274.0232491765,13.53434101164203
Lithuania,Utenos,LTIGNB003,1917.10913000151,7.158373589313739
Lithuania,Utenos,LTIGN0018,1886.5546952021,7.506203678137976
Lithuania,Vilniaus,LTMOL0010,3902.39095929919,10.49131330167201
Lithuania,Vilniaus,LTSVEB002,3898.4951946397,10.507643241628983
Lithuania,Vilniaus,LTSALB002,2905.99092085375,21.35220960419612
Lithuania,Šiauliai,LTSIAB001,2399.47667670233,13.905222242681583
Lithuania,Šiauliai,LTPAKB002,1190.35732803315,12.63160606010092
Lithuania,Šiauliai,LTSIA0014,1079.0334925048,27.254981825056895
Luxembourg,Diekirch,LU0002013,714.658372236976,14.392338867668517
Luxembourg,Diekirch,LU0001007,284.98089743275,11.599805506237415
Luxembourg,Diekirch,LU0002004,234.653053912506,10.748264879416134
Luxembourg,Grevenmacher,LU0001011,164.746101265215,5.622275252759092
Luxembourg,Grevenmacher,LU0001029,41.513382916345,3.032116536450402
Luxembourg,Grevenmacher,LU0002016,35.9362669213666,1.0029201492895523
Luxembourg,Luxembourg,LU0001018,312.864555997481,7.4495961285208665
Luxembourg,Luxembourg,LU0001022,91.0191467881319,4.3019987000826285
Luxembourg,Luxembourg,LU0001015,62.5832783332493,4.17941057015335
Malta,Għawdex,MT0000112,2.48386556668673,0.009009950571019333
Malta,Għawdex,MT0000037,0.15416693687439,0.746202564586264
Malta,Għawdex,MT0000017,0.115192271143324,0.0855199585647645
Malta,Nofsinhar,MT0000018,0.45,0.258404176306091
Malta,Nofsinhar,MT0000031,0.169559920504689,0.38392306783215857
Malta,Nofsinhar,MT0000033,0.0168308012187481,0.10551906267843611
Malta,Tramuntana,MT0000024,1.34756115001452,0.10090747653986926
Malta,Tramuntana,MT0000032,0.636497498452663,0.2609021115831003
Malta,Tramuntana,MT0000101,0.601812666133046,0.05887760152032904
Malta,Xlokk,MT0000023,0,0
Malta,Xlokk,MT0000014,0,0
Netherlands,Drenthe,NL9803011,649.286153408149,13.748649256652564
Netherlands,Drenthe,NL9802201,641.351044636221,14.709804240079238
Netherlands,Drenthe,NL3000070,161.232213666961,6.736916183059172
Netherlands,Flevoland,NL9802054,2.48260403422639,0.07014061292040262
Netherlands,Flevoland,NL2000007,0.00331639889627695,0.0015327874592917783
Netherlands,Fryslân,NL2003059,19.2155528744403,0.8936416619109964
Netherlands,Fryslân,NL3009007,14.1141034672502,0.7423231935829644
Netherlands,Fryslân,NL9801004,9.63052284384147,6.192321464732797
Netherlands,Gelderland,NL3009017,5556.41191413343,7.837490363970459
Netherlands,Gelderland,NL9801023,5555.4988461589,7.841317137116452
Netherlands,Gelderland,NL2014038,57.0908395553555,0.333521739048613
Netherlands,Groningen,NL0902041,3.15,0.1942311821471195
Netherlands,Groningen,NL9802012,1.17,0.02869777218884065
Netherlands,Groningen,NL2003028,0,0
Netherlands,IJsselmeer,NL9803029,3.02650061350898,0.006069605543422825
Netherlands,IJsselmeer,NL9802033,1.65649346608099,0.03796137653150038
Netherlands,IJsselmeer,NL9803028,1.30145731155295,0.0014683093927271272
Netherlands,Limburg,NL1000028,328.826175676212,7.624979455151887
Netherlands,Limburg,NL9910001,270.711468328639,8.193607184346174
Netherlands,Limburg,NL9802209,90.4410427157562,4.859163636048626
Netherlands,NA,NL9803077,32.8209331396222,2.7447770908756013
Netherlands,NA,NL1000013,19.455575004369,0.9682295463876276
Netherlands,NA,NL1000021,10.7898291116953,0.32250107389710764
Netherlands,Noord-Brabant,NL9801036,519.358042258811,17.48572647020564
Netherlands,Noord-Brabant,NL3009014,473.966558760437,23.09152681202731
Netherlands,Noord-Brabant,NL3009003,327.75653473938,8.230200434723468
Netherlands,Noord-Holland,NL9801080,127.448525996134,2.8785736326771776
Netherlands,Noord-Holland,NL1000012,119.655978177488,1.8777451043402604
Netherlands,Noord-Holland,NL1000010,106.514791407455,8.379748091242513
Netherlands,Overijssel,NL9801017,354.132387483045,13.34682226950981
Netherlands,Overijssel,NL9803015,345.131516120948,21.70504649310762
Netherlands,Overijssel,NL1000004,155.444821220487,18.084635960428667
Netherlands,Utrecht,NL3004007,3.66451406585052,0.7621895212588237
Netherlands,Utrecht,NL2003024,0.701487489938737,1.3128005648209544
Netherlands,Utrecht,NL9802065,0.56373882651329,0.4839527574173469
Netherlands,Zeeland,NL1000017,49.3580145889521,3.445880945369443
Netherlands,Zeeland,NL1000020,12.06,3.287803050016222
Netherlands,Zeeland,NL3009018,0.621796860694885,0.6235648329351398
Netherlands,Zeeuwse meren,NL4000021,10.0934111362696,0.11950244627893412
Netherlands,Zeeuwse meren,NL3009016,3.25209598615766,0.013210717309332785
Netherlands,Zeeuwse meren,NL9902010,0.260738573670387,0.03441967849002571
Poland,Dolnośląskie,PLB020005,13460.8803459468,14.290073280082193
Poland,Dolnośląskie,PLH020041,3757.12307313485,8.987597496346792
Poland,Dolnośląskie,PLB020010,2208.74010830618,10.67335779047242
Poland,Kujawsko-Pomorskie,PLH280012,837.62680646775,13.545390095221679
Poland,Kujawsko-Pomorskie,PLH040017,738.621210938676,11.768253514474367
Poland,Kujawsko-Pomorskie,PLH300040,457.698938652808,8.846771454973707
Poland,Lubelskie,PLB060008,4609.78785608095,9.979861590200706
Poland,Lubelskie,PLB060005,3472.59282298983,11.307314052891392
Poland,Lubelskie,PLH060034,2408.3983973022,11.98978826108181
Poland,Lubuskie,PLB320016,14511.2391333873,11.34369594923422
Poland,Lubuskie,PLH320046,7524.66505495764,13.895739352354036
Poland,Lubuskie,PLH080044,1438.16885159489,19.06008711193846
Poland,Mazowieckie,PLB140007,6565.55446479183,12.049500434350936
Poland,Mazowieckie,PLB140013,3876.19754627417,8.581129707645827
Poland,Mazowieckie,PLH140035,3132.03030418288,16.40753915623808
Poland,Małopolskie,PLC120001,1798.87599188808,14.37317729001751
Poland,Małopolskie,PLB120002,997.944058300406,13.02331285352463
Poland,Małopolskie,PLH120019,685.547628066363,2.2111519200481826
Poland,Opolskie,PLH160009,384.024884494259,13.639151115603415
Poland,Opolskie,PLH160005,365.273285404114,10.528458591187302
Poland,Opolskie,PLH160002,98.0312813001126,3.67725883663381
Poland,Podkarpackie,PLB180005,7468.40522754751,8.077180341038904
Poland,Podkarpackie,PLH180054,2196.36402312664,19.894637558980673
Poland,Podkarpackie,PLC180001,1326.07966293643,2.2059064615840525
Poland,Podlaskie,PLH200006,13078.4036416906,13.940692080959527
Poland,Podlaskie,PLB200003,11564.1751511494,13.222622589428465
Poland,Podlaskie,PLB200002,10113.6504038241,10.674990791472114
Poland,Pomorskie,PLB220009,39481.5698405607,17.968732958328637
Poland,Pomorskie,PLB220001,4376.41534168836,14.677810075708239
Poland,Pomorskie,PLB220002,3487.20065014175,15.012615487433598
Poland,Warmińsko-Mazurskie,PLB280008,12932.8286581506,11.038686033403478
Poland,Warmińsko-Mazurskie,PLB280007,11427.0878648351,13.947500279822977
Poland,Warmińsko-Mazurskie,PLH280048,3508.93911347094,9.512187522235388
Poland,Wielkopolskie,PLB300015,18221.0673565328,18.812625667490625
Poland,Wielkopolskie,PLB300011,1858.65986146009,7.9454351327220705
Poland,Wielkopolskie,PLB300007,1324.46945349698,5.695510942768673
Poland,Zachodniopomorskie,PLB320019,10104.1826052571,8.911823901041469
Poland,Zachodniopomorskie,PLB300012,9294.13259410661,17.800016169662168
Poland,Zachodniopomorskie,PLB320015,3931.63419251471,13.079613028960631
Poland,Łódzkie,PLH100007,318.958707866977,4.941749970175
Poland,Łódzkie,PLH100008,155.810723771456,4.643593801366396
Poland,Łódzkie,PLH100003,155.755012489377,9.264412476437728
Poland,Śląskie,PLH240006,4475.00151444706,17.834511489519702
Poland,Śląskie,PLB240002,4400.04967302625,17.96981441383893
Poland,Śląskie,PLH240005,4090.94796404918,23.730994582740223
Poland,Świętokrzyskie,PLH260010,547.875813086993,4.838437931945845
Poland,Świętokrzyskie,PLH260040,539.961131954399,8.002194937099178
Poland,Świętokrzyskie,PLH260003,445.343233585339,2.4008870159439653
Portugal,Aveiro,PTCON0061,1934.83229396481,8.910554322566426
Portugal,Aveiro,PTCON0047,583.235358416883,3.8448929652988366
Portugal,Aveiro,PTCON0026,202.028171539806,14.114141594530238
Portugal,Azores,PTCOR0001,0,0
Portugal,Azores,PTZPE0026,0,0
Portugal,Azores,PTZPE0027,0,0
Portugal,Azores,PTZPE0028,0,0
Portugal,Azores,PTZPE0031,0,0
Portugal,Azores,PTZPE0033,0,0
Portugal,Azores,PTZPE0034,0,0
Portugal,Azores,PTMIG0020,0,0
Portugal,Azores,PTMIG0024,0,0
Portugal,Azores,PTPIC0009,0,0
Portugal,Azores,PTPIC0010,0,0
Portugal,Azores,PTZPE0020,0,0
Portugal,Azores,PTZPE0021,0,0
Portugal,Azores,PTZPE0022,0,0
Portugal,Azores,PTZPE0023,0,0
Portugal,Azores,PTZPE0024,0,0
Portugal,Azores,PTZPE0025,0,0
Portugal,Azores,PTFAI0007,0,0
Portugal,Azores,PTFAI0004,0,0
Portugal,Azores,PTFLO0002,0,0
Portugal,Azores,PTGRA0016,0,0
Portugal,Azores,PTJOR0013,0,0
Portugal,Azores,PTJOR0014,0,0
Portugal,Azores,PTFAI0006,0,0
Portugal,Azores,PTMIG0019,0,0
Portugal,Azores,PTPIC0011,0,0
Portugal,Azores,PTSMA0022,0,0
Portugal,Azores,PTTER0017,0,0
Portugal,Azores,PTTER0018,0,0
Portugal,Beja,PTZPE0045,2096.75879033037,3.7782748759903626
Portugal,Beja,PTZPE0047,1631.0434272485,3.1168882888866696
Portugal,Beja,PTCON0036,1336.15740363415,5.1489312248387
Portugal,Bragança,PTZPE0003,3967.84996668177,6.660696643317395
Portugal,Bragança,PTCON0002,3967.33744632322,6.6399910874416825
Portugal,Bragança,PTZPE0037,1376.7500965725,4.48815845789103
Portugal,Castelo Branco,PTZPE0007,1847.47066066014,21.244304320768965
Portugal,Castelo Branco,PTZPE0042,1343.08129202435,10.251392783323489
Portugal,Castelo Branco,PTCON0028,290.007869866515,10.216021178380402
Portugal,Coimbra,PTCON0060,1841.09450925729,19.83637490549049
Portugal,Coimbra,PTCON0055,1712.0876135475,12.023489953314032
Portugal,Coimbra,PTCON0027,93.6988021689229,1.7712585069721385
Portugal,Faro,PTCON0012,10725.5199512721,5.6909531913787115
Portugal,Faro,PTCON0037,4711.35957059708,11.088878431274301
Portugal,Faro,PTCON0057,1595.05294840123,6.044674696845096
Portugal,Guarda,PTCON0004,6781.67529934631,12.732025711862285
Portugal,Guarda,PTCON0014,1632.73183324385,3.2773827702118368
Portugal,Guarda,PTZPE0039,54.3693955778334,0.33834066091211784
Portugal,Leiria,PTCON0015,1773.62199665481,7.193444516188125
Portugal,Leiria,PTCON0045,1135.67343878832,4.760068033484856
Portugal,Leiria,PTCON0046,19.0893373783585,23.767653383679352
Portugal,Lisboa,PTCON0008,640.065736742909,5.093724561774369
Portugal,Lisboa,PTCON0048,202.957678500602,9.489143505511164
Portugal,Madeira,PTMAD0001,54.5190802842142,0.6935763885601038
Portugal,Madeira,PTMAD0002,46.3642020082969,1.409291172097573
Portugal,Madeira,PTZPE0041,9.07057595297112,0.5150424843278936
Portugal,Portalegre,PTCON0007,6292.72503988076,7.771036454720938
Portugal,Portalegre,PTCON0029,2074.51770620595,7.302438311851188
Portugal,Portalegre,PTCON0044,361.562394882466,4.925538883427015
Portugal,Porto,PTCON0024,134.489425503737,7.4723717712514555
Portugal,Santarém,PTZPE0010,751.053521268562,2.791850769737582
Portugal,Santarém,PTCON0009,732.394223690839,2.781716856324529
Portugal,Santarém,PTZPE0008,3.59460695140064,1.1489909182868674
Portugal,Setúbal,PTCON0034,5181.85117967524,25.22072287356273
Portugal,Setúbal,PTCON0033,2044.73239742841,6.504376029584343
Portugal,Setúbal,PTCON0054,1554.60748531705,56.33622992066203
Portugal,Viana do Castelo,PTCON0001,3260.16828330234,5.8464563905769085
Portugal,Viana do Castelo,PTCON0017,330.455506748163,13.605259284744097
Portugal,Viana do Castelo,PTCON0040,262.325898912069,7.960040876985669
Portugal,Vila Real,PTCON0003,2485.81547253241,6.682370219671853
Portugal,Viseu,PTCON0059,930.821846651237,11.588401958099526
Portugal,Viseu,PTCON0025,853.03520435499,4.319065474092994
Portugal,Viseu,PTCON0016,0,0
Portugal,Évora,PTCON0031,446.052885248632,3.5274310700809752
Portugal,Évora,PTZPE0055,38.3462251056265,0.5393588902090892
Portugal,Évora,PTZPE0056,25.818001275128,0.7919786786524221
Romania,Alba,ROSPA0087,626.910740837568,0.8731335356799463
Romania,Alba,ROSAC0253,391.363746288518,1.0936818999900773
Romania,Alba,ROSAC0260,103.565640263896,18.309603354610545
Romania,Arad,ROSPA0117,1192.77489919616,4.708124604843615
Romania,Arad,ROSPA0029,1131.31666034114,3.8705766479307027
Romania,Arad,ROSCI0070,1041.25450789453,5.989916409950326
Romania,Argeș,ROSAC0122,6342.16846735872,5.390181037096546
Romania,Argeș,ROSCI0381,779.247412512292,8.745141101753733
Romania,Argeș,ROSPA0165,694.507021701699,5.954896813667215
Romania,Argeș,ROSAC0194,694.507021701699,5.954896813667215
Romania,Bacău,ROSCI0351,100.658998214334,1.8686359921321831
Romania,Bacău,ROSAC0230,29.5856505927444,3.516972383868612
Romania,Bacău,ROSAC0047,23.5894825016608,0.8708240840817344
Romania,Bihor,ROSPA0081,8662.06229743014,13.807334254614217
Romania,Bihor,ROSCI0002,5792.45332758504,12.301702404655847
Romania,Bihor,ROSAC0062,1276.51768505465,5.256569884187562
Romania,Bistrița-Năsăud,ROSCI0051,1717.69931085988,6.59769133614624
Romania,Bistrița-Năsăud,ROSPA0085,1614.16259260331,5.386989022800811
Romania,Bistrița-Năsăud,ROSCI0125,1363.74400369282,4.977152683676814
Romania,Botoșani,ROSCI0076,1258.17951748016,7.379827653181701
Romania,Botoșani,ROSPA0116,641.852302671013,3.720183155670632
Romania,Botoșani,ROSCI0399,18.1891652959585,1.8223419808342578
Romania,Brașov,ROSPA0098,622.103231258552,1.7918760367486835
Romania,Brașov,ROSCI0303,253.827649734837,1.607603489188885
Romania,Brașov,ROSPA0093,185.514101323103,4.548554241261828
Romania,Brașov,ROSAC0137,185.514101323103,4.548554241261828
Romania,Brăila,ROSPA0005,1038.34751411584,4.812786541481206
Romania,Brăila,ROSCI0012,797.9306628257,9.503551123053887
Romania,Brăila,ROSPA0040,787.435193787923,5.323280589374855
Romania,Buzău,ROSAC0190,253.426439393205,3.1406009606969882
Romania,Buzău,ROSAC0103,68.5533858838956,1.4639292443684617
Romania,Buzău,ROSPA0160,68.5533858838956,1.4639292443684617
Romania,Caraș-Severin,ROSCI0126,1136.77998965676,2.505740776411589
Romania,Caraș-Severin,ROSPA0086,717.604124840844,2.883341872224637
Romania,Caraș-Severin,ROSPA0035,648.866743497882,1.2854006143958965
Romania,Cluj,ROSAC0233,2361.00238247589,37.355868186273725
Romania,Cluj,ROSAC0263,366.353808770427,8.694893351994367
Romania,Cluj,ROSAC0099,38.9726314311102,1.6922266747918382
Romania,Constanța,ROSPA0039,879.055325404532,9.287631117091834
Romania,Constanța,ROSPA0002,240.506158533431,3.4160324345526702
Romania,Constanța,ROSAC0071,88.517697142046,0.7527428819649784
Romania,Covasna,ROSPA0082,927.264288595772,2.252560972130021
Romania,Covasna,ROSAC0130,575.314849354816,4.819867717124955
Romania,Covasna,ROSAC0091,318.610823351723,3.6384700959453244
Romania,Călărași,ROSAC0022,1648.94733102212,8.910092674426036
Romania,Călărași,ROSCI0131,320.012181787547,4.682709763699639
Romania,Călărași,ROSPA0136,225.9,2.893193799408772
Romania,Dolj,ROSAC0045,1512.86115847162,2.9934809184554805
Romania,Dolj,ROSPA0023,574.356235431488,3.853387876237176
Romania,Dolj,ROSAC0039,502.129267302453,2.5387315701873123
Romania,Dâmbovița,ROSCI0013,682.199959745513,2.590279740695357
Romania,Dâmbovița,ROSAC0106,63.600079911584,3.377935582492015
Romania,Dâmbovița,ROSPA0161,63.600079911584,3.377935582492015
Romania,Galați,ROSAC0162,399.690537127107,2.5745920609639894
Romania,Galați,ROSPA0071,398.973134068411,1.7097647722165772
Romania,Galați,ROSCI0105,29.8250012700352,0.6441826680589263
Romania,Giurgiu,ROSCI0088,351.044775115242,5.564452766127634
Romania,Giurgiu,ROSPA0108,241.287723060362,1.7807691724563943
Romania,Giurgiu,ROSPA0022,89.604899829626,0.7101442251860385
Romania,Gorj,ROSAC0129,1536.44220728453,2.81806520149878
Romania,Gorj,ROSAC0128,910.381674800941,3.1960883458551796
Romania,Gorj,ROSCI0063,19.1368076668865,0.22615020840542474
Romania,Harghita,ROSPA0033,5266.00647963107,9.795265038007887
Romania,Harghita,ROSCI0323,3019.64273696492,6.527580434799603
Romania,Harghita,ROSPA0034,1753.35151860892,5.123954977951798
Romania,Hunedoara,ROSAC0188,559.183887254168,3.232854730277672
Romania,Hunedoara,ROSPA0045,557.30012319569,2.088963001312862
Romania,Hunedoara,ROSCI0087,543.087543524138,2.1095558427774836
Romania,Ialomița,ROSPA0012,720.829454912485,7.700032779182366
Romania,Ialomița,ROSCI0290,444.105448260326,3.7341828327760207
Romania,Ialomița,ROSPA0152,366.421448471546,3.4602091752337327
Romania,Iași,ROSPA0168,319.869022784905,5.842704866784524
Romania,Iași,ROSCI0152,310.384523171657,2.2340599341951037
Romania,Iași,ROSPA0163,310.384523171657,2.2340599341951037
Romania,Ilfov,ROSPA0122,79.8658902193978,3.378621309279961
Romania,Ilfov,ROSCI0308,70.5583631689148,3.4280290736914765
Romania,Ilfov,ROSPA0044,68.9839434856564,1.9521279878304991
Romania,Maramureș,ROSAC0124,7658.11259897154,13.00223678347175
Romania,Maramureș,ROSPA0131,6260.3011859513,15.445609567363986
Romania,Maramureș,ROSPA0134,1370.14918089185,6.807019419820855
Romania,Mehedinți,ROSPA0011,568.494328545928,1.9011566460509186
Romania,Mehedinți,ROSAC0198,291.4920737695,0.7691925996368996
Romania,Mehedinți,ROSAC0299,138.004628939778,2.8161572758794
Romania,Mureș,ROSCI0019,8387.1756073034,8.029040074073356
Romania,Mureș,ROSAC0227,872.579307774016,1.7849656932755493
Romania,Mureș,ROSPA0028,690.497136550751,1.2139055595371357
Romania,Neamț,ROSPA0107,1068.16235045391,4.9549246226956285
Romania,Neamț,ROSAC0270,1064.408263466,5.020735265899582
Romania,Neamț,ROSCI0156,744.825175960359,5.884029643147844
Romania,Olt,ROSPA0106,332.48217736225,0.8004597710908418
Romania,Olt,ROSAC0168,172.720613562579,3.6608802243820007
Romania,Olt,ROSAC0225,165.707068738514,11.268894350017788
Romania,Prahova,ROSCI0038,426.119522961603,3.018809005821487
Romania,Prahova,ROSAC0283,28.8535850176238,1.7006578143137305
Romania,Prahova,ROSPA0112,3.8032120808959,0.072753640629526245
Romania,Satu Mare,ROSCI0020,763.826692371746,4.342875454084237
Romania,Satu Mare,ROSPA0016,690.471235126373,2.7071071020394664
Romania,Satu Mare,ROSPA0068,83.5829139395803,0.7902727142441551
Romania,Satu Mare,ROSAC0214,83.5829139395803,0.7902727142441551
Romania,Sibiu,ROSPA0043,6440.2633846107,8.995121093067413
Romania,Sibiu,ROSAC0085,6372.8986125034,8.832089339125284
Romania,Sibiu,ROSPA0099,2284.09317442013,1.5407569488921986
Romania,Suceava,ROSPA0089,5194.04283650315,12.669958792565875
Romania,Suceava,ROSCI0328,2311.99891164456,10.906578058436242
Romania,Suceava,ROSPA0133,1562.2295722415,7.764895653614273
Romania,Sălaj,ROSPA0114,270.398701957016,1.3211314457168781
Romania,Sălaj,ROSCI0314,131.200712133721,2.114264241978239
Romania,Sălaj,ROSAC0209,1.17,0.8468437821479715
Romania,Teleorman,ROSPA0024,258.563726377487,2.499022283788242
Romania,Teleorman,ROSCI0044,242.179299936816,6.790854436143317
Romania,Teleorman,ROSAC0386,105.815629483927,2.099368406852362
Romania,Timiș,ROSCI0355,868.313377313697,3.307840047278553
Romania,Timiș,ROSCI0109,160.710034288466,2.9324448548441473
Romania,Timiș,ROSPA0128,157.790599552989,2.134744398930301
Romania,Tulcea,ROSPA0031,1687.90360082957,0.5078351244771653
Romania,Tulcea,ROSCI0065,1481.05263354315,0.4960171160826938
Romania,Tulcea,ROSCI0201,650.135320468361,1.1477951893506795
Romania,Vaslui,ROSCI0213,342.267821149564,4.382655609875146
Romania,Vaslui,ROSCI0335,116.165187248262,1.7945957577052376
Romania,Vaslui,ROSPA0119,23.6446947258711,0.17571446959617273
Romania,Vrancea,ROSPA0088,1010.57423303761,3.7541569837234166
Romania,Vrancea,ROSAC0208,1010.57423298204,3.7541569835169812
Romania,Vrancea,ROSPA0075,582.393786843941,6.873050562121821
Romania,Vâlcea,ROSPA0025,162.5427255305,1.1716039816577297
Romania,Vâlcea,ROSAC0046,102.513115868568,1.010228092342089
Romania,Vâlcea,ROSCI0296,90.1963464812958,1.715031539076744
Slovakia,Banskobystrický,SKCHVU017,2886.90464864085,18.542582766879047
Slovakia,Banskobystrický,SKUEV0302,2644.03458645519,10.000377487394537
Slovakia,Banskobystrický,SKUEV0225,1656.49067238036,12.888873209584457
Slovakia,Bratislavský,SKCHVU014,2007.87863949286,5.4469018329777805
Slovakia,Bratislavský,SKCHVU016,1988.72096576958,7.0450209096623695
Slovakia,Bratislavský,SKUEV0104,290.898020690834,9.309068530399797
Slovakia,Košický,SKCHVU036,8608.53161122049,12.324129700298878
Slovakia,Košický,SKCHVU053,2336.92242147345,15.565757702968408
Slovakia,Košický,SKCHVU025,1571.91359351693,3.26095938055155
Slovakia,Nitriansky,SKCHVU031,467.888879329954,2.732571170546335
Slovakia,Nitriansky,SKCHVU005,117.987702793842,0.4788809548718315
Slovakia,Nitriansky,SKUEV2090,96.7649403007949,15.715552275011358
Slovakia,Prešovský,SKUEV0307,8229.15722790534,23.151522893212224
Slovakia,Prešovský,SKCHVU030,5188.04803788757,16.939163219492983
Slovakia,Prešovský,SKCHVU051,4703.22607775896,15.007858712601365
Slovakia,Trenčiansky,SKCHVU028,1855.45752362103,3.8005214619592587
Slovakia,Trenčiansky,SKUEV0256,980.759032260572,4.188152909241959
Slovakia,Trenčiansky,SKUEV0273,274.107325732458,4.041682433188267
Slovakia,Trnavský,SKCHVU007,544.290174872695,6.926715942869128
Slovakia,Trnavský,SKUEV0090,447.207955558933,15.938744202198842
Slovakia,Trnavský,SKUEV0267,289.395272215959,4.375418180313892
Slovakia,Žilinský,SKCHVU018,8610.20416268968,17.014919146842942
Slovakia,Žilinský,SKUEV0310,4385.88696387237,26.845603492374153
Slovakia,Žilinský,SKCHVU008,3419.5952147016,9.157549405316576
Slovenia,Gorenjska,SI5000019,1733.37134318001,3.651382751294422
Slovenia,Gorenjska,SI5000001,976.868058470415,17.141015704136496
Slovenia,Gorenjska,SI3000285,643.326615015475,5.79521791016213
Slovenia,Goriška,SI3000255,2453.7656904123,7.650640965392627
Slovenia,Goriška,SI3000253,945.123492174465,2.214212108225103
Slovenia,Goriška,SI5000025,519.867496286051,8.850821126500254
Slovenia,Jugovzhodna Slovenija,SI3000263,3216.37766491954,5.5422978239517775
Slovenia,Jugovzhodna Slovenija,SI5000013,3068.05308439961,5.39285850044542
Slovenia,Jugovzhodna Slovenija,SI3000267,239.765945714077,3.391498510494509
Slovenia,Koroška,SI3000337,92.18181131111,11.709018005224186
Slovenia,Koroška,SI3000172,82.431349936533607,4.157506911036654
Slovenia,Koroška,SI3000313,54.7810252819696,6.278690857671824
Slovenia,Notranjsko-kraška,SI5000002,1709.60731913896,4.594305457242527
Slovenia,Notranjsko-kraška,SI3000231,1270.41748193444,4.379977305932357
Slovenia,Notranjsko-kraška,SI3000232,832.29110962218,9.013825160874385
Slovenia,Obalno-kraška,SI5000023,780.4685363269,1.9643353340584424
Slovenia,Obalno-kraška,SI3000225,111.066686808254,3.6942395841446367
Slovenia,Obalno-kraška,SI3000229,1.54406099930406,0.3737803097161615
Slovenia,Osrednjeslovenska,SI3000256,594.581028802283,4.981736472670277
Slovenia,Osrednjeslovenska,SI3000264,185.965799454388,2.1244340811186544
Slovenia,Osrednjeslovenska,SI3000120,72.7107076352275,6.12410028188941
Slovenia,Podravska,SI3000270,476.976043668208,3.5867736618006045
Slovenia,Podravska,SI5000006,375.051239746829,4.631751455849472
Slovenia,Podravska,SI3000214,60.0565084208632,3.280622652377673
Slovenia,Pomurska,SI5000010,171.487064423067,2.7589941920944
Slovenia,Pomurska,SI3000221,82.3676001072116,0.3279449113825026
Slovenia,Pomurska,SI5000009,82.039200380923,0.36494563684116516
Slovenia,Savinjska,SI5000024,1239.84228890796,6.789527438075067
Slovenia,Savinjska,SI3000261,60.2718818566902,2.337358625586853
Slovenia,Savinjska,SI3000108,30.1091306693363,2.9909705372072275
Slovenia,Spodnjeposavska,SI3000273,56.614402689262,2.5930059818836995
Slovenia,Spodnjeposavska,SI3000274,32.1613164234627,1.0366685779318245
Slovenia,Spodnjeposavska,SI3000268,22.6345076805353,1.0472030677782664
Slovenia,Zasavska,SI3000181,17.7460195930232,0.5916934200751878
Slovenia,Zasavska,SI5000026,11.7640267445147,0.6701523432062194
Slovenia,Zasavska,SI3000121,0.707962738126516,0.5102749030079355
Spain,Andalucía,ES0000051,7633.28289347226,7.103514172136961
Spain,Andalucía,ES6130007,4561.52272297285,7.55855111958571
Spain,Andalucía,ES0000049,4265.41449960102,3.4014172680079233
Spain,Aragón,ES2420126,1070.36346470665,2.3433934199792614
Spain,Aragón,ES0000287,843.092455494163,4.6475049386922915
Spain,Aragón,ES2410064,838.789763192115,5.389423006219133
Spain,Cantabria,ES1300021,1273.88957026104,4.011274130319563
Spain,Cantabria,ES1300001,436.665392930917,1.6390454147171192
Spain,Cantabria,ES0000251,354.75949402251,4.040177625940748
Spain,Castilla y León,ES4150032,2568.1395780353,10.55097859027935
Spain,Castilla y León,ES4110002,2120.21748545293,5.422131149871837
Spain,Castilla y León,ES4170116,1761.2367750928,7.917591582465004
Spain,Castilla-La Mancha,ES4250005,5576.49770651374,5.203144935965254
Spain,Castilla-La Mancha,ES4230014,3978.51698216614,3.1301592365167377
Spain,Castilla-La Mancha,ES0000090,3603.84004787583,6.681134073432157
Spain,Cataluña,ES5110011,1167.07482375039,10.949698688197666
Spain,Cataluña,ES5120010,1070.51238710898,6.26479217524649
Spain,Cataluña,ES5110001,860.786700666925,5.552939254009539
Spain,Ceuta y Melilla,ES6310001,12.7841973419488,3.4393879201500215
Spain,Ceuta y Melilla,ES0000197,0,0
Spain,Ceuta y Melilla,ES6310002,0,0
Spain,Comunidad Foral de Navarra,ES0000129,383.636890168777,3.794727137336841
Spain,Comunidad Foral de Navarra,ES2200021,213.938654148057,1.6783629701529232
Spain,Comunidad Foral de Navarra,ES2200018,165.540121703809,1.191970848102649
Spain,Comunidad Valenciana,ES0000212,1092.5105556315,1.028013538766563
Spain,Comunidad Valenciana,ES0000449,1049.9814209884,1.593569727631956
Spain,Comunidad Valenciana,ES5233040,531.402977506716,1.421575207172343
Spain,Comunidad de Madrid,ES3110007,1062.76806374911,2.346512698636553
Spain,Comunidad de Madrid,ES0000056,1059.50654904966,2.3366351450020573
Spain,Comunidad de Madrid,ES3110004,639.910221216122,1.5879596322582141
Spain,Extremadura,ES0000070,5472.96888454698,7.95377365531764
Spain,Extremadura,ES4320039,3376.4097153433,6.778622511474873
Spain,Extremadura,ES0000014,2062.24576432205,3.373509756636678
Spain,Galicia,ES1120001,3396.29841328999,5.177494255663427
Spain,Galicia,ES1120015,1394.27825415354,11.154793115023306
Spain,Galicia,ES1130001,1165.47367710107,5.450254822227088
Spain,Islas Baleares,ES0000441,92.0208579995224,3.1742073651298623
Spain,Islas Baleares,ES5310081,89.6994883677154,27.54710679240777
Spain,Islas Baleares,ES5310027,70.5142798583025,2.232845093085879
Spain,Islas Canarias,ES0000114,88.1985588205559,0.641482954053587
Spain,Islas Canarias,ES0000107,53.3788254463614,0.15865168644024075
Spain,Islas Canarias,ES7020069,29.9595351514779,1.7723010416125937
Spain,La Rioja,ES0000067,3248.83438255092,3.7236937501483096
Spain,La Rioja,ES2300006,165.079889540402,12.394614322635613
Spain,La Rioja,ES0000065,104.746781196892,4.985433387378749
Spain,País Vasco,ES2110009,856.805521541985,7.054684060148482
Spain,País Vasco,ES2120016,328.411642656302,9.121044754301586
Spain,País Vasco,ES2130009,302.945223585225,7.324625648922659
Spain,Principado de Asturias,ES0000055,1362.03809815806,4.8174287296650675
Spain,Principado de Asturias,ES1200056,1346.42821953738,4.77756842924254
Spain,Principado de Asturias,ES1200014,448.805952010192,5.918270412500295
Spain,Región de Murcia,ES0000267,117.250355070274,0.768456150717874
Spain,Región de Murcia,ES0000173,114.799994935524,1.1650150487523485
Spain,Región de Murcia,ES0000262,91.249127830714,0.513053959706667
Sweden,Blekinge,SE0410055,41.9237088271999,9.103169985792547
Sweden,Blekinge,SE0410175,36.7794644565135,2.432665184975423
Sweden,Blekinge,SE0410228,25.327179267446,57.33624406963629
Sweden,Dalarna,SE0620160,66.8342036575196,27.84152256288195
Sweden,Dalarna,SE0620275,64.6978932300001,14.103991063440304
Sweden,Dalarna,SE0620001,60.1703770818224,0.07597830497333799
Sweden,Gotland,SE0340211,77.9242140452563,9.290910754306049
Sweden,Gotland,SE0340090,52.5360344856488,2.6512447248550832
Sweden,Gotland,SE0340147,39.8249433540009,4.829370478793993
Sweden,Gävleborg,SE0630023,112.735416380107,7.957041030769559
Sweden,Gävleborg,SE0630190,85.8743095354406,2.082470614451592
Sweden,Gävleborg,SE0630256,52.9398068866972,4.216294005620125
Sweden,Halland,SE0510170,186.370042312819,8.376225866866042
Sweden,Halland,SE0510006,158.752148925082,26.246167376302797
Sweden,Halland,SE0510101,128.773226250702,21.955502601574807
Sweden,Jämtland,SE0720199,148.23915370609,0.13817554385972688
Sweden,Jämtland,SE0720183,109.88222528823,0.1271220579730788
Sweden,Jämtland,SE0720084,82.1230105794221,0.07949473190476712
Sweden,Jönköping,SE0310020,133.752591979697,2.2488380941641477
Sweden,Jönköping,SE0310404,98.0588018782441,10.560267988193074
Sweden,Jönköping,SE0310216,89.3230536001859,5.7350782930154836
Sweden,Kalmar,SE0330176,220.980176615361,0.9486896650625237
Sweden,Kalmar,SE0330036,154.546480848531,8.205593553441606
Sweden,Kalmar,SE0330160,114.380139362148,7.832178527212403
Sweden,Kronoberg,SE0320228,221.26316407835,26.912135977287488
Sweden,Kronoberg,SE0320231,160.280181239312,7.937885207931992
Sweden,Kronoberg,SE0320224,58.0448291958816,17.729120334421307
Sweden,Norrbotten,SE0820430,268.611224940223,0.15044276649254135
Sweden,Norrbotten,SE0820282,214.233334897983,0.05785736326699265
Sweden,Norrbotten,SE0820130,153.91818505762,0.10698691738658263
Sweden,Orebro,SE0240045,59.58,3.463422160776344
Sweden,Orebro,SE0240043,22.4039174905132,8.757428097427432
Sweden,Orebro,SE0240011,22.0213159199077,3.9111663607886573
Sweden,Skåne,SE0420075,144.970113389376,8.741301213470724
Sweden,Skåne,SE0430087,73.9667439161829,3.4682419979730907
Sweden,Skåne,SE0420154,70.8002189625452,6.375478422351325
Sweden,Stockholm,SE0110002,100.137701801159,7.631726662575049
Sweden,Stockholm,SE0110003,91.7406566685985,7.148459806176964
Sweden,Stockholm,SE0110017,63.1428936474945,2.6130964246205095
Sweden,Södermanland,SE0220126,297.714561756577,19.44976217489754
Sweden,Södermanland,SE0220034,78.5070062136766,5.339093915853983
Sweden,Södermanland,SE0220213,41.268845607109,35.05525573973641
Sweden,Uppsala,SE0210277,180.32135545778,10.317721951091723
Sweden,Uppsala,SE0210008,129.014698733071,10.402805576195224
Sweden,Uppsala,SE0210155,76.272242646146,31.27174626680921
Sweden,Värmland,SE0610178,1999.99688228066,22.317456968883466
Sweden,Värmland,SE0610010,74.1899975804519,4.020585709376878
Sweden,Värmland,SE0610006,55.7967618311086,0.38356878201261235
Sweden,Västerbotten,SE0810484,8354.64226674647,26.474214231797376
Sweden,Västerbotten,SE0810435,340.518529700671,0.6275076958180461
Sweden,Västerbotten,SE0810080,332.485112349904,0.06210709952264101
Sweden,Västernorrland,SE0710175,227.062893582879,25.558058246166382
Sweden,Västernorrland,SE0710196,192.951755163641,5.837980854805562
Sweden,Västernorrland,SE0710033,82.6801388221805,3.141197813022075
Sweden,Västmanland,SE0250009,191.267733178139,3.3983355136675684
Sweden,Västmanland,SE0210368,105.892858397153,2.3782533122252603
Sweden,Västmanland,SE0250008,90.4365212766733,2.2162688498403558
Sweden,Västra Götaland,SE0540063,598.861887154664,9.94866874404924
Sweden,Västra Götaland,SE0310017,307.201258869217,18.145741961597807
Sweden,Västra Götaland,SE0520142,162.400504781462,5.885137868903572
Sweden,Östergötland,SE0230138,80.1948005503463,1.7769907502919742
Sweden,Östergötland,SE0230254,53.8375033304085,7.919207160327464
Sweden,Östergötland,SE0230067,33.5709395722754,0.8747349895116716
